window_start,window_end,anomaly_score,is_anomaly,top_contributing_feature,total_event_count,unique_src_ips,unique_users,failed_login_count,failed_login_ratio,attack_event_count,avg_severity_rank,critical_event_count,unique_countries,events_outside_business_hours_ratio,model_version
2026-05-04 05:00:00,2026-05-04 06:00:00,0.6459792742084667,False,none,9,9,9,1,0.11111111,6,2.6666666666666665,2,3,1.0,20260607_190924
2026-05-04 06:00:00,2026-05-04 07:00:00,0.6057549075175683,False,none,5,4,4,1,0.2,2,2.6,1,3,1.0,20260607_190924
2026-05-04 07:00:00,2026-05-04 08:00:00,0.4983094604436189,False,none,3,3,3,0,0.0,2,2.0,0,3,1.0,20260607_190924
2026-05-04 08:00:00,2026-05-04 09:00:00,0.3453026388993008,False,none,3,3,3,0,0.0,0,1.6666666666666667,0,3,1.0,20260607_190924
2026-05-04 09:00:00,2026-05-04 10:00:00,0.7772790392567217,False,none,11,11,11,2,0.18181819,3,2.4545454545454546,3,4,0.0,20260607_190924
2026-05-04 10:00:00,2026-05-04 11:00:00,0.6448172833444332,False,none,6,6,6,1,0.16666667,4,2.1666666666666665,1,5,0.0,20260607_190924
2026-05-04 11:00:00,2026-05-04 12:00:00,0.08660580945461893,False,none,4,4,4,1,0.25,0,3.25,2,3,0.0,20260607_190924
2026-05-04 12:00:00,2026-05-04 13:00:00,0.33148848575276335,False,none,5,5,5,0,0.0,3,1.8,0,5,0.0,20260607_190924
2026-05-04 13:00:00,2026-05-04 14:00:00,0.5806245616101406,False,none,7,7,7,2,0.2857143,2,1.8571428571428572,0,4,0.0,20260607_190924
2026-05-04 14:00:00,2026-05-04 15:00:00,0.3749532031109333,False,none,28,28,28,5,0.17857143,10,2.357142857142857,3,4,0.0,20260607_190924
2026-05-04 15:00:00,2026-05-04 16:00:00,0.428145872886591,False,none,30,29,29,8,0.26666668,9,2.3666666666666667,6,9,0.0,20260607_190924
2026-05-04 16:00:00,2026-05-04 17:00:00,0.41383778426235507,False,none,35,35,35,9,0.25714287,12,2.342857142857143,8,9,0.0,20260607_190924
2026-05-04 17:00:00,2026-05-04 18:00:00,0.634901930485176,False,none,28,27,27,7,0.25,7,2.392857142857143,4,7,1.0,20260607_190924
2026-05-04 18:00:00,2026-05-04 19:00:00,0.38718679858922234,False,none,29,29,29,6,0.20689656,8,2.7586206896551726,11,8,1.0,20260607_190924
2026-05-04 19:00:00,2026-05-04 20:00:00,0.4022824780905805,False,none,30,29,29,2,0.06666667,13,2.2,6,7,1.0,20260607_190924
2026-05-04 20:00:00,2026-05-04 21:00:00,0.2910481594476859,False,none,24,24,24,9,0.375,3,1.9583333333333333,3,10,1.0,20260607_190924
2026-05-04 21:00:00,2026-05-04 22:00:00,0.5043150766021001,False,none,33,32,32,5,0.15151516,9,2.121212121212121,2,7,1.0,20260607_190924
2026-05-04 22:00:00,2026-05-04 23:00:00,0.42689229563950204,False,none,4,4,4,1,0.25,0,1.75,0,3,1.0,20260607_190924
2026-05-04 23:00:00,2026-05-05 00:00:00,0.7284433984006207,False,none,7,7,7,0,0.0,3,2.5714285714285716,2,6,1.0,20260607_190924
2026-05-05 00:00:00,2026-05-05 01:00:00,0.3973371733540747,False,none,4,4,4,2,0.5,1,2.25,1,4,1.0,20260607_190924
2026-05-05 01:00:00,2026-05-05 02:00:00,0.7506167848280683,False,none,9,9,9,0,0.0,4,2.2222222222222223,2,5,1.0,20260607_190924
2026-05-05 02:00:00,2026-05-05 03:00:00,0.6465202360328874,False,none,7,7,7,2,0.2857143,2,1.5714285714285714,0,4,1.0,20260607_190924
2026-05-05 03:00:00,2026-05-05 04:00:00,0.7699203252260916,False,none,11,11,11,4,0.36363637,1,1.9090909090909092,2,7,1.0,20260607_190924
2026-05-05 04:00:00,2026-05-05 05:00:00,0.806385506328966,False,none,8,8,8,1,0.125,2,2.625,2,6,1.0,20260607_190924
2026-05-05 05:00:00,2026-05-05 06:00:00,-0.035741624433761165,False,none,5,5,5,5,1.0,0,2.0,0,3,1.0,20260607_190924
2026-05-05 06:00:00,2026-05-05 07:00:00,0.14472914239514023,False,none,3,3,3,2,0.6666667,0,2.3333333333333335,0,3,1.0,20260607_190924
2026-05-05 07:00:00,2026-05-05 08:00:00,0.70026875697237,False,none,6,6,6,0,0.0,1,2.1666666666666665,1,4,1.0,20260607_190924
2026-05-05 08:00:00,2026-05-05 09:00:00,0.23761476339939436,False,none,4,4,4,1,0.25,0,1.25,0,3,1.0,20260607_190924
2026-05-05 09:00:00,2026-05-05 10:00:00,-0.014442930359936601,False,none,3,3,3,2,0.6666667,1,2.6666666666666665,1,2,0.0,20260607_190924
2026-05-05 10:00:00,2026-05-05 11:00:00,0.34881622468666795,False,none,6,6,6,1,0.16666667,5,3.1666666666666665,3,3,0.0,20260607_190924
2026-05-05 11:00:00,2026-05-05 12:00:00,0.5529334825925301,False,none,6,6,6,1,0.16666667,1,1.8333333333333333,0,4,0.0,20260607_190924
2026-05-05 12:00:00,2026-05-05 13:00:00,0.12164917609519588,False,none,3,3,3,0,0.0,1,3.0,2,3,0.0,20260607_190924
2026-05-05 13:00:00,2026-05-05 14:00:00,0.4855217776575238,False,none,8,8,8,1,0.125,0,1.875,1,4,0.0,20260607_190924
2026-05-05 14:00:00,2026-05-05 15:00:00,0.39647890044978995,False,none,26,26,26,8,0.30769232,4,2.1538461538461537,5,7,0.0,20260607_190924
2026-05-05 15:00:00,2026-05-05 16:00:00,0.2836094234572981,False,none,38,37,37,10,0.2631579,8,1.9473684210526316,3,8,0.0,20260607_190924
2026-05-05 16:00:00,2026-05-05 17:00:00,0.4711813487775216,False,none,18,18,18,1,0.055555556,8,2.611111111111111,6,6,0.0,20260607_190924
2026-05-05 17:00:00,2026-05-05 18:00:00,0.5735141184316315,False,none,32,32,32,7,0.21875,8,2.15625,4,8,1.0,20260607_190924
2026-05-05 18:00:00,2026-05-05 19:00:00,0.43911747683738156,False,none,32,31,31,8,0.25,8,2.4375,8,7,1.0,20260607_190924
2026-05-05 19:00:00,2026-05-05 20:00:00,0.28659448946296195,False,none,22,22,22,10,0.45454547,4,2.3181818181818183,6,9,1.0,20260607_190924
2026-05-05 20:00:00,2026-05-05 21:00:00,0.6051418180592076,False,none,24,24,24,6,0.25,7,2.5,7,6,1.0,20260607_190924
2026-05-05 21:00:00,2026-05-05 22:00:00,0.5061069798807083,False,none,29,29,29,3,0.10344828,11,2.1379310344827585,3,7,1.0,20260607_190924
2026-05-05 22:00:00,2026-05-05 23:00:00,0.7130361625202073,False,none,8,8,8,2,0.25,2,2.875,3,5,1.0,20260607_190924
2026-05-05 23:00:00,2026-05-06 00:00:00,0.9632017739614991,False,none,12,12,12,2,0.16666667,3,2.25,1,5,1.0,20260607_190924
2026-05-06 00:00:00,2026-05-06 01:00:00,0.47794677316448175,False,none,3,3,3,0,0.0,1,2.0,0,3,1.0,20260607_190924
2026-05-06 01:00:00,2026-05-06 02:00:00,0.42742096520683814,False,none,6,6,6,3,0.5,3,2.5,1,3,1.0,20260607_190924
2026-05-06 02:00:00,2026-05-06 03:00:00,0.395429889307531,False,none,3,3,3,1,0.33333334,1,2.3333333333333335,0,2,1.0,20260607_190924
2026-05-06 03:00:00,2026-05-06 04:00:00,0.6345721638359358,False,none,5,5,5,0,0.0,2,2.0,0,5,1.0,20260607_190924
2026-05-06 04:00:00,2026-05-06 05:00:00,0.6603799475278593,False,none,6,6,6,0,0.0,3,1.8333333333333333,1,4,1.0,20260607_190924
2026-05-06 05:00:00,2026-05-06 06:00:00,0.6361725954487025,False,none,11,11,11,2,0.18181819,1,1.5454545454545454,1,5,1.0,20260607_190924
2026-05-06 06:00:00,2026-05-06 07:00:00,0.8551607050405128,False,none,8,8,8,1,0.125,2,2.375,1,5,1.0,20260607_190924
2026-05-06 07:00:00,2026-05-06 08:00:00,0.4725787208162684,False,none,6,5,5,0,0.0,4,2.3333333333333335,1,2,1.0,20260607_190924
2026-05-06 08:00:00,2026-05-06 09:00:00,0.5176811179294574,False,none,4,4,4,1,0.25,1,1.75,0,4,1.0,20260607_190924
2026-05-06 09:00:00,2026-05-06 10:00:00,0.5423129019560065,False,none,7,7,7,1,0.14285715,1,2.7142857142857144,2,3,0.0,20260607_190924
2026-05-06 10:00:00,2026-05-06 11:00:00,0.26845351979787835,False,none,4,4,4,1,0.25,2,2.75,1,2,0.0,20260607_190924
2026-05-06 11:00:00,2026-05-06 12:00:00,0.6619418563214352,False,none,7,7,7,2,0.2857143,4,2.142857142857143,2,5,0.0,20260607_190924
2026-05-06 12:00:00,2026-05-06 13:00:00,0.6744602167196236,False,none,8,8,8,2,0.25,2,2.0,0,6,0.0,20260607_190924
2026-05-06 13:00:00,2026-05-06 14:00:00,0.7824598057301149,False,none,12,12,12,1,0.083333336,2,2.3333333333333335,3,6,0.0,20260607_190924
2026-05-06 14:00:00,2026-05-06 15:00:00,0.3907845074677634,False,none,25,25,25,2,0.08,7,2.6,6,9,0.0,20260607_190924
2026-05-06 15:00:00,2026-05-06 16:00:00,0.5079652538395885,False,none,29,27,27,5,0.1724138,7,2.1724137931034484,5,8,0.0,20260607_190924
2026-05-06 16:00:00,2026-05-06 17:00:00,0.41749899796050216,False,none,33,32,32,7,0.21212122,10,2.1818181818181817,2,9,0.0,20260607_190924
2026-05-06 17:00:00,2026-05-06 18:00:00,0.6934028694118117,False,none,26,26,26,6,0.23076923,7,2.269230769230769,3,7,1.0,20260607_190924
2026-05-06 18:00:00,2026-05-06 19:00:00,0.6452270466580541,False,none,23,23,23,6,0.26086956,5,2.4347826086956523,5,9,1.0,20260607_190924
2026-05-06 19:00:00,2026-05-06 20:00:00,0.6239212634543032,False,none,30,29,29,6,0.2,10,2.3333333333333335,5,9,1.0,20260607_190924
2026-05-06 20:00:00,2026-05-06 21:00:00,0.5008353225923743,False,none,31,29,29,1,0.032258064,4,2.2580645161290325,6,7,1.0,20260607_190924
2026-05-06 21:00:00,2026-05-06 22:00:00,0.4459636654477952,False,none,34,33,33,6,0.1764706,11,2.4705882352941178,7,7,1.0,20260607_190924
2026-05-06 22:00:00,2026-05-06 23:00:00,0.5060289021250572,False,none,8,7,7,3,0.375,4,2.75,3,4,1.0,20260607_190924
2026-05-06 23:00:00,2026-05-07 00:00:00,0.7429684763710827,False,none,7,7,7,1,0.14285715,4,2.4285714285714284,1,3,1.0,20260607_190924
2026-05-07 00:00:00,2026-05-07 01:00:00,0.8176244713813796,False,none,7,7,7,1,0.14285715,1,2.142857142857143,1,4,1.0,20260607_190924
2026-05-07 01:00:00,2026-05-07 02:00:00,0.9499304526948504,False,none,12,12,12,2,0.16666667,5,2.25,0,6,1.0,20260607_190924
2026-05-07 02:00:00,2026-05-07 03:00:00,0.2653071470699442,False,none,5,5,5,3,0.6,1,2.6,2,4,1.0,20260607_190924
2026-05-07 03:00:00,2026-05-07 04:00:00,0.6127316142318646,False,none,5,5,5,0,0.0,1,2.0,1,5,1.0,20260607_190924
2026-05-07 04:00:00,2026-05-07 05:00:00,0.786683675762633,False,none,7,6,6,2,0.2857143,2,2.0,1,6,1.0,20260607_190924
2026-05-07 05:00:00,2026-05-07 06:00:00,0.778103946192737,False,none,8,8,8,1,0.125,4,2.0,1,4,1.0,20260607_190924
2026-05-07 06:00:00,2026-05-07 07:00:00,0.7633408173378387,False,none,9,9,9,0,0.0,4,2.4444444444444446,2,6,1.0,20260607_190924
2026-05-07 07:00:00,2026-05-07 08:00:00,0.11837431313751634,False,none,4,4,4,1,0.25,0,3.5,2,3,1.0,20260607_190924
2026-05-07 08:00:00,2026-05-07 09:00:00,0.904275693565842,False,none,9,8,8,2,0.22222222,3,2.3333333333333335,2,5,1.0,20260607_190924
2026-05-07 09:00:00,2026-05-07 10:00:00,-0.23457547163322268,False,none,2,2,2,0,0.0,0,1.0,0,1,0.0,20260607_190924
2026-05-07 10:00:00,2026-05-07 11:00:00,0.33516068105540286,False,none,5,5,5,1,0.2,1,3.0,2,4,0.0,20260607_190924
2026-05-07 11:00:00,2026-05-07 12:00:00,0.34239123694092455,False,none,5,5,5,1,0.2,1,1.6,0,3,0.0,20260607_190924
2026-05-07 12:00:00,2026-05-07 13:00:00,0.4411046288440199,False,none,7,7,7,3,0.42857143,1,2.4285714285714284,1,5,0.0,20260607_190924
2026-05-07 13:00:00,2026-05-07 14:00:00,0.2432310900385466,False,none,3,3,3,0,0.0,1,2.6666666666666665,1,3,0.0,20260607_190924
2026-05-07 14:00:00,2026-05-07 15:00:00,0.43971504905836367,False,none,27,26,26,6,0.22222222,7,2.259259259259259,0,8,0.0,20260607_190924
2026-05-07 15:00:00,2026-05-07 16:00:00,0.32630347620676026,False,none,42,41,41,6,0.14285715,11,2.4523809523809526,8,10,0.0,20260607_190924
2026-05-07 16:00:00,2026-05-07 17:00:00,0.45195369231361915,False,none,31,30,30,5,0.16129032,6,2.032258064516129,5,8,0.0,20260607_190924
2026-05-07 17:00:00,2026-05-07 18:00:00,0.5232957833936147,False,none,32,32,32,8,0.25,9,2.1875,3,9,1.0,20260607_190924
2026-05-07 18:00:00,2026-05-07 19:00:00,0.5857595787323326,False,none,30,30,30,8,0.26666668,8,2.4,5,8,1.0,20260607_190924
2026-05-07 19:00:00,2026-05-07 20:00:00,0.4570036459750568,False,none,29,29,29,8,0.27586207,6,1.8620689655172413,3,8,1.0,20260607_190924
2026-05-07 20:00:00,2026-05-07 21:00:00,0.43590301065118187,False,none,27,27,27,9,0.33333334,6,2.259259259259259,4,10,1.0,20260607_190924
2026-05-07 21:00:00,2026-05-07 22:00:00,0.42363115529084094,False,none,40,40,40,6,0.15,13,2.225,4,6,1.0,20260607_190924
2026-05-07 22:00:00,2026-05-07 23:00:00,0.5103934253019669,False,none,5,5,5,0,0.0,0,2.4,0,3,1.0,20260607_190924
2026-05-07 23:00:00,2026-05-08 00:00:00,0.6780767835784571,False,none,6,6,6,1,0.16666667,2,1.6666666666666667,0,5,1.0,20260607_190924
2026-05-08 00:00:00,2026-05-08 01:00:00,0.6581676983738376,False,none,5,5,5,0,0.0,3,2.2,1,5,1.0,20260607_190924
2026-05-08 01:00:00,2026-05-08 02:00:00,0.7986347194492436,False,none,8,7,7,1,0.125,4,2.25,1,4,1.0,20260607_190924
2026-05-08 02:00:00,2026-05-08 03:00:00,0.8206000275643777,False,none,7,6,6,2,0.2857143,3,2.2857142857142856,1,5,1.0,20260607_190924
2026-05-08 03:00:00,2026-05-08 04:00:00,0.7148983990343678,False,none,7,7,7,1,0.14285715,0,2.0,1,5,1.0,20260607_190924
2026-05-08 04:00:00,2026-05-08 05:00:00,0.8050054329118024,False,none,7,7,7,2,0.2857143,3,2.4285714285714284,0,5,1.0,20260607_190924
2026-05-08 05:00:00,2026-05-08 06:00:00,0.6788135954520114,False,none,13,13,13,3,0.23076923,2,1.5384615384615385,0,5,1.0,20260607_190924
2026-05-08 06:00:00,2026-05-08 07:00:00,0.9346204451109115,False,none,15,15,15,4,0.26666668,6,2.2,2,8,1.0,20260607_190924
2026-05-08 07:00:00,2026-05-08 08:00:00,0.9594288661384276,False,none,16,16,16,3,0.1875,7,2.3125,3,6,1.0,20260607_190924
2026-05-08 08:00:00,2026-05-08 09:00:00,0.949828093110364,False,none,14,13,13,4,0.2857143,2,2.142857142857143,2,6,1.0,20260607_190924
2026-05-08 09:00:00,2026-05-08 10:00:00,0.7853448224395418,False,none,11,10,10,1,0.09090909,4,2.3636363636363638,2,6,0.0,20260607_190924
2026-05-08 10:00:00,2026-05-08 11:00:00,0.580054804328592,False,none,16,16,16,1,0.0625,8,2.5625,5,6,0.0,20260607_190924
2026-05-08 11:00:00,2026-05-08 12:00:00,0.8325107884240708,False,none,13,12,12,2,0.15384616,5,2.5384615384615383,2,6,0.0,20260607_190924
2026-05-08 12:00:00,2026-05-08 13:00:00,0.7919100365973715,False,none,13,13,13,1,0.07692308,5,2.3076923076923075,1,6,0.0,20260607_190924
2026-05-08 13:00:00,2026-05-08 14:00:00,0.7414962811867423,False,none,12,12,12,1,0.083333336,2,2.0,1,7,0.0,20260607_190924
2026-05-08 14:00:00,2026-05-08 15:00:00,0.46963199289811475,False,none,57,55,55,12,0.21052632,17,2.087719298245614,11,10,0.0,20260607_190924
2026-05-08 15:00:00,2026-05-08 16:00:00,0.5747228928764772,False,none,57,57,57,12,0.21052632,15,2.192982456140351,8,10,0.0,20260607_190924
2026-05-08 16:00:00,2026-05-08 17:00:00,0.3426729333677254,False,none,63,62,62,11,0.17460318,22,2.4444444444444446,12,10,0.0,20260607_190924
2026-05-08 17:00:00,2026-05-08 18:00:00,0.15919108516545388,False,none,52,52,52,17,0.32692307,12,1.9038461538461537,5,9,1.0,20260607_190924
2026-05-08 18:00:00,2026-05-08 19:00:00,0.24164883323651543,False,none,71,69,69,8,0.112676054,22,1.9859154929577465,10,10,1.0,20260607_190924
2026-05-08 19:00:00,2026-05-08 20:00:00,0.6538995615270948,False,none,60,58,58,10,0.16666667,18,2.2666666666666666,11,10,1.0,20260607_190924
2026-05-08 20:00:00,2026-05-08 21:00:00,0.47239377617637546,False,none,57,56,56,4,0.07017544,16,2.210526315789474,8,10,1.0,20260607_190924
2026-05-08 21:00:00,2026-05-08 22:00:00,0.3876546926414348,False,none,68,65,65,15,0.22058824,18,2.3676470588235294,14,9,1.0,20260607_190924
2026-05-08 22:00:00,2026-05-08 23:00:00,0.890015933904249,False,none,14,14,14,1,0.071428575,5,2.2142857142857144,2,5,1.0,20260607_190924
2026-05-08 23:00:00,2026-05-09 00:00:00,0.8890987093612979,False,none,14,14,14,3,0.21428572,2,1.9285714285714286,0,8,1.0,20260607_190924
2026-05-09 00:00:00,2026-05-09 01:00:00,0.945899346304564,False,none,11,11,11,1,0.09090909,3,2.1818181818181817,2,7,1.0,20260607_190924
2026-05-09 01:00:00,2026-05-09 02:00:00,0.9658526112718662,False,none,11,11,11,3,0.27272728,4,2.4545454545454546,3,6,1.0,20260607_190924
2026-05-09 02:00:00,2026-05-09 03:00:00,0.8835728799873865,False,none,16,13,13,1,0.0625,3,2.125,1,6,1.0,20260607_190924
2026-05-09 03:00:00,2026-05-09 04:00:00,0.8647773245401871,False,none,17,16,16,5,0.29411766,5,2.235294117647059,1,8,1.0,20260607_190924
2026-05-09 04:00:00,2026-05-09 05:00:00,0.8080947836267642,False,none,11,10,10,1,0.09090909,5,2.4545454545454546,4,4,1.0,20260607_190924
2026-05-09 05:00:00,2026-05-09 06:00:00,0.9603482174177096,False,none,10,10,10,2,0.2,2,2.3,2,5,1.0,20260607_190924
2026-05-09 06:00:00,2026-05-09 07:00:00,0.6110081846506428,False,none,21,21,21,7,0.33333334,6,1.9047619047619047,4,6,1.0,20260607_190924
2026-05-09 07:00:00,2026-05-09 08:00:00,0.8734495690751787,False,none,10,9,9,3,0.3,2,2.3,1,4,1.0,20260607_190924
2026-05-09 08:00:00,2026-05-09 09:00:00,0.8848526282146423,False,none,15,15,15,2,0.13333334,7,2.466666666666667,4,7,1.0,20260607_190924
2026-05-09 09:00:00,2026-05-09 10:00:00,0.5612043551641801,False,none,20,20,20,6,0.3,6,2.2,1,7,0.0,20260607_190924
2026-05-09 10:00:00,2026-05-09 11:00:00,0.6606283636619537,False,none,9,9,9,1,0.11111111,2,2.4444444444444446,3,6,0.0,20260607_190924
2026-05-09 11:00:00,2026-05-09 12:00:00,0.8038213861451469,False,none,13,13,13,1,0.07692308,4,2.3846153846153846,2,6,0.0,20260607_190924
2026-05-09 12:00:00,2026-05-09 13:00:00,0.5050149314262493,False,none,11,11,11,4,0.36363637,0,2.0,1,5,0.0,20260607_190924
2026-05-09 13:00:00,2026-05-09 14:00:00,0.7007466286649595,False,none,11,11,11,3,0.27272728,1,2.090909090909091,2,5,0.0,20260607_190924
2026-05-09 14:00:00,2026-05-09 15:00:00,0.36715277213247166,False,none,65,65,65,16,0.24615385,19,2.2615384615384615,9,10,0.0,20260607_190924
2026-05-09 15:00:00,2026-05-09 16:00:00,0.5143507228867046,False,none,58,58,58,10,0.1724138,17,2.2241379310344827,10,9,0.0,20260607_190924
2026-05-09 16:00:00,2026-05-09 17:00:00,0.46852857968161876,False,none,62,60,60,12,0.19354838,20,2.370967741935484,7,10,0.0,20260607_190924
2026-05-09 17:00:00,2026-05-09 18:00:00,0.07693535431409226,False,none,74,71,71,12,0.16216215,26,2.3513513513513513,15,10,1.0,20260607_190924
2026-05-09 18:00:00,2026-05-09 19:00:00,0.4480476032953793,False,none,66,66,66,13,0.1969697,25,2.272727272727273,11,9,1.0,20260607_190924
2026-05-09 19:00:00,2026-05-09 20:00:00,0.24475859358559204,False,none,68,68,68,18,0.2647059,15,2.3088235294117645,14,9,1.0,20260607_190924
2026-05-09 20:00:00,2026-05-09 21:00:00,0.6628838189635955,False,none,60,59,59,11,0.18333334,14,2.15,7,10,1.0,20260607_190924
2026-05-09 21:00:00,2026-05-09 22:00:00,0.5634576724405675,False,none,58,58,58,13,0.22413793,22,2.2241379310344827,7,9,1.0,20260607_190924
2026-05-09 22:00:00,2026-05-09 23:00:00,0.9493374905445895,False,none,12,11,11,2,0.16666667,3,2.25,3,8,1.0,20260607_190924
2026-05-09 23:00:00,2026-05-10 00:00:00,0.8369204773117358,False,none,9,9,9,1,0.11111111,3,2.5555555555555554,2,4,1.0,20260607_190924
2026-05-10 00:00:00,2026-05-10 01:00:00,0.43500515794344596,False,none,7,7,7,3,0.42857143,1,1.5714285714285714,0,5,1.0,20260607_190924
2026-05-10 01:00:00,2026-05-10 02:00:00,0.8735204074525746,False,none,17,17,17,2,0.11764706,7,2.176470588235294,2,6,1.0,20260607_190924
2026-05-10 02:00:00,2026-05-10 03:00:00,0.9074939431965423,False,none,13,12,12,2,0.15384616,3,2.3846153846153846,1,4,1.0,20260607_190924
2026-05-10 03:00:00,2026-05-10 04:00:00,0.940078807874172,False,none,10,10,10,2,0.2,3,2.2,0,6,1.0,20260607_190924
2026-05-10 04:00:00,2026-05-10 05:00:00,0.9227147398576208,False,none,14,14,14,2,0.14285715,5,2.642857142857143,3,6,1.0,20260607_190924
2026-05-10 05:00:00,2026-05-10 06:00:00,0.8703967973151538,False,none,14,13,13,4,0.2857143,3,2.642857142857143,3,7,1.0,20260607_190924
2026-05-10 06:00:00,2026-05-10 07:00:00,0.8758867994756716,False,none,12,12,12,2,0.16666667,7,2.1666666666666665,2,4,1.0,20260607_190924
2026-05-10 07:00:00,2026-05-10 08:00:00,0.32804596912473283,False,none,16,16,16,9,0.5625,1,2.125,2,7,1.0,20260607_190924
2026-05-10 08:00:00,2026-05-10 09:00:00,0.8013513538732535,False,none,17,16,16,1,0.05882353,7,2.4705882352941178,4,7,1.0,20260607_190924
2026-05-10 09:00:00,2026-05-10 10:00:00,0.7600975999270327,False,none,11,11,11,2,0.18181819,3,2.1818181818181817,1,3,0.0,20260607_190924
2026-05-10 10:00:00,2026-05-10 11:00:00,0.7590881568102699,False,none,12,12,12,1,0.083333336,4,2.0833333333333335,0,6,0.0,20260607_190924
2026-05-10 11:00:00,2026-05-10 12:00:00,0.7675030650736996,False,none,15,14,14,3,0.2,4,2.0,1,8,0.0,20260607_190924
2026-05-10 12:00:00,2026-05-10 13:00:00,0.7546585067059688,False,none,11,11,11,1,0.09090909,2,2.1818181818181817,3,6,0.0,20260607_190924
2026-05-10 13:00:00,2026-05-10 14:00:00,0.11904222521143382,False,none,3,3,3,0,0.0,0,2.6666666666666665,1,2,0.0,20260607_190924
2026-05-10 14:00:00,2026-05-10 15:00:00,0.00019240248297958118,False,none,55,53,54,7,0.12727273,24,2.5454545454545454,15,7,0.0,20260607_190924
2026-05-10 15:00:00,2026-05-10 16:00:00,0.5064013863117973,False,none,57,56,56,14,0.24561404,17,2.192982456140351,9,10,0.0,20260607_190924
2026-05-10 16:00:00,2026-05-10 17:00:00,0.5415903541638154,False,none,61,58,58,12,0.19672132,17,2.180327868852459,11,9,0.0,20260607_190924
2026-05-10 17:00:00,2026-05-10 18:00:00,0.35368228429459414,False,none,70,68,68,15,0.21428572,20,2.4,13,9,1.0,20260607_190924
2026-05-10 18:00:00,2026-05-10 19:00:00,0.4302097043553088,False,none,43,43,43,8,0.18604651,13,2.3488372093023258,9,8,1.0,20260607_190924
2026-05-10 19:00:00,2026-05-10 20:00:00,0.6427258287997717,False,none,61,59,59,11,0.18032786,11,2.1147540983606556,8,9,1.0,20260607_190924
2026-05-10 20:00:00,2026-05-10 21:00:00,0.5058793833434261,False,none,58,56,56,7,0.12068965,18,2.1206896551724137,5,9,1.0,20260607_190924
2026-05-10 21:00:00,2026-05-10 22:00:00,0.5529674524239718,False,none,55,52,52,8,0.14545454,18,2.1636363636363636,6,10,1.0,20260607_190924
2026-05-10 22:00:00,2026-05-10 23:00:00,0.9122490453695657,False,none,8,8,8,2,0.25,2,2.125,2,5,1.0,20260607_190924
2026-05-10 23:00:00,2026-05-11 00:00:00,0.9617361431178542,False,none,11,10,10,2,0.18181819,4,2.1818181818181817,1,7,1.0,20260607_190924
2026-05-11 00:00:00,2026-05-11 01:00:00,0.8776542513370706,False,none,19,19,19,3,0.15789473,7,2.3684210526315788,2,7,1.0,20260607_190924
2026-05-11 01:00:00,2026-05-11 02:00:00,0.3444858477399102,False,none,19,19,19,1,0.05263158,9,2.9473684210526314,7,9,1.0,20260607_190924
2026-05-11 02:00:00,2026-05-11 03:00:00,0.5000222323947103,False,none,14,14,14,6,0.42857143,3,2.7857142857142856,4,5,1.0,20260607_190924
2026-05-11 03:00:00,2026-05-11 04:00:00,0.9374727393360198,False,none,10,9,9,2,0.2,3,2.2,1,6,1.0,20260607_190924
2026-05-11 04:00:00,2026-05-11 05:00:00,0.8799582263687269,False,none,12,12,12,2,0.16666667,6,1.9166666666666667,0,6,1.0,20260607_190924
2026-05-11 05:00:00,2026-05-11 06:00:00,0.8844975479648185,False,none,12,12,12,1,0.083333336,6,2.1666666666666665,3,8,1.0,20260607_190924
2026-05-11 06:00:00,2026-05-11 07:00:00,0.7051846933923138,False,none,9,8,8,1,0.11111111,1,1.8888888888888888,1,3,1.0,20260607_190924
2026-05-11 07:00:00,2026-05-11 08:00:00,0.9571888425384436,False,none,14,14,14,3,0.21428572,5,2.5714285714285716,3,6,1.0,20260607_190924
2026-05-11 08:00:00,2026-05-11 09:00:00,0.7972370009335945,False,none,18,18,18,3,0.16666667,9,2.2222222222222223,2,7,1.0,20260607_190924
2026-05-11 09:00:00,2026-05-11 10:00:00,0.619202985731603,False,none,8,7,7,1,0.125,4,2.375,1,3,0.0,20260607_190924
2026-05-11 10:00:00,2026-05-11 11:00:00,0.4560929626479715,False,none,10,10,10,2,0.2,1,1.5,0,7,0.0,20260607_190924
2026-05-11 11:00:00,2026-05-11 12:00:00,0.673948012024596,False,none,11,11,11,2,0.18181819,4,2.727272727272727,4,8,0.0,20260607_190924
2026-05-11 12:00:00,2026-05-11 13:00:00,0.7072651606331606,False,none,17,17,17,2,0.11764706,4,2.5294117647058822,3,5,0.0,20260607_190924
2026-05-11 13:00:00,2026-05-11 14:00:00,0.6503300897348494,False,none,17,17,17,1,0.05882353,5,2.176470588235294,5,6,0.0,20260607_190924
2026-05-11 14:00:00,2026-05-11 15:00:00,0.3616470732930306,False,none,35,35,35,8,0.22857143,9,2.3142857142857145,8,10,0.0,20260607_190924
2026-05-11 15:00:00,2026-05-11 16:00:00,0.3613833720148045,False,none,63,63,63,15,0.23809524,16,2.3333333333333335,12,11,0.0,20260607_190924
2026-05-11 16:00:00,2026-05-11 17:00:00,0.13928431925885554,False,none,63,63,63,20,0.31746033,10,2.2222222222222223,10,9,0.0,20260607_190924
2026-05-11 17:00:00,2026-05-11 18:00:00,0.394975215870937,False,none,60,58,58,12,0.2,22,2.466666666666667,15,9,1.0,20260607_190924
2026-05-11 18:00:00,2026-05-11 19:00:00,0.6612710872898315,False,none,56,53,53,9,0.16071428,16,2.267857142857143,7,10,1.0,20260607_190924
2026-05-11 19:00:00,2026-05-11 20:00:00,0.5696225666774117,False,none,64,63,63,14,0.21875,19,2.328125,12,9,1.0,20260607_190924
2026-05-11 20:00:00,2026-05-11 21:00:00,0.17221688688467385,False,none,74,70,70,16,0.21621622,25,2.1621621621621623,11,9,1.0,20260607_190924
2026-05-11 21:00:00,2026-05-11 22:00:00,0.29494478340673624,False,none,60,60,60,20,0.33333334,16,2.3,9,10,1.0,20260607_190924
2026-05-11 22:00:00,2026-05-11 23:00:00,0.6063414421061051,False,none,19,19,19,6,0.31578946,7,2.6842105263157894,6,8,1.0,20260607_190924
2026-05-11 23:00:00,2026-05-12 00:00:00,0.7832201292515646,False,none,7,7,7,1,0.14285715,1,2.4285714285714284,2,4,1.0,20260607_190924
2026-05-12 00:00:00,2026-05-12 01:00:00,0.6844563678727729,False,none,6,6,6,0,0.0,2,2.5,0,4,1.0,20260607_190924
2026-05-12 01:00:00,2026-05-12 02:00:00,0.7311137024771213,False,none,16,16,16,4,0.25,2,2.0625,3,3,1.0,20260607_190924
2026-05-12 02:00:00,2026-05-12 03:00:00,0.870458546058908,False,none,14,14,14,2,0.14285715,3,2.642857142857143,4,7,1.0,20260607_190924
2026-05-12 03:00:00,2026-05-12 04:00:00,0.7690945743878796,False,none,10,10,10,1,0.1,4,2.8,1,6,1.0,20260607_190924
2026-05-12 04:00:00,2026-05-12 05:00:00,0.5630816038104671,False,none,26,26,26,8,0.30769232,5,2.423076923076923,5,8,1.0,20260607_190924
2026-05-12 05:00:00,2026-05-12 06:00:00,0.8230530319865152,False,none,12,12,12,1,0.083333336,6,2.5,3,4,1.0,20260607_190924
2026-05-12 06:00:00,2026-05-12 07:00:00,0.9740558687945446,False,none,15,15,15,2,0.13333334,5,2.2666666666666666,2,8,1.0,20260607_190924
2026-05-12 07:00:00,2026-05-12 08:00:00,0.9431269506929807,False,none,16,16,16,3,0.1875,7,2.1875,2,6,1.0,20260607_190924
2026-05-12 08:00:00,2026-05-12 09:00:00,0.8495231830860264,False,none,11,11,11,4,0.36363637,3,2.090909090909091,1,7,1.0,20260607_190924
2026-05-12 09:00:00,2026-05-12 10:00:00,0.7029908589222815,False,none,17,17,17,2,0.11764706,4,2.176470588235294,2,5,0.0,20260607_190924
2026-05-12 10:00:00,2026-05-12 11:00:00,0.331919668939056,False,none,7,7,7,4,0.5714286,2,2.142857142857143,1,5,0.0,20260607_190924
2026-05-12 11:00:00,2026-05-12 12:00:00,0.7243223941329915,False,none,13,13,13,3,0.23076923,4,2.6923076923076925,3,5,0.0,20260607_190924
2026-05-12 12:00:00,2026-05-12 13:00:00,0.5629477102530414,False,none,7,7,7,2,0.2857143,1,2.5714285714285716,0,4,0.0,20260607_190924
2026-05-12 13:00:00,2026-05-12 14:00:00,0.7216589236155408,False,none,13,12,12,1,0.07692308,6,2.3846153846153846,4,6,0.0,20260607_190924
2026-05-12 14:00:00,2026-05-12 15:00:00,0.5097957316420403,False,none,56,54,54,9,0.16071428,15,2.2142857142857144,5,9,0.0,20260607_190924
2026-05-12 15:00:00,2026-05-12 16:00:00,0.4355501739994372,False,none,53,52,52,10,0.18867925,20,2.3962264150943398,9,10,0.0,20260607_190924
2026-05-12 16:00:00,2026-05-12 17:00:00,0.0035058620528674034,False,none,76,75,75,8,0.10526316,23,2.25,11,9,0.0,20260607_190924
2026-05-12 17:00:00,2026-05-12 18:00:00,0.6365632263067664,False,none,58,57,57,13,0.22413793,13,2.206896551724138,7,10,1.0,20260607_190924
2026-05-12 18:00:00,2026-05-12 19:00:00,0.5829035965487364,False,none,66,65,65,13,0.1969697,22,2.272727272727273,11,10,1.0,20260607_190924
2026-05-12 19:00:00,2026-05-12 20:00:00,0.5708250788134857,False,none,54,53,53,10,0.18518518,15,2.2777777777777777,10,8,1.0,20260607_190924
2026-05-12 20:00:00,2026-05-12 21:00:00,0.6187552594780257,False,none,52,52,52,11,0.21153846,11,2.269230769230769,7,9,1.0,20260607_190924
2026-05-12 21:00:00,2026-05-12 22:00:00,0.18879098946152228,False,none,65,65,65,18,0.2769231,19,2.4,16,9,1.0,20260607_190924
2026-05-12 22:00:00,2026-05-12 23:00:00,-0.9615176572512318,True,failed_login_ratio,59,10,59,50,0.84745765,2,3.305084745762712,29,50,1.0,20260607_190924
2026-05-12 23:00:00,2026-05-13 00:00:00,0.858729306445629,False,none,11,11,11,1,0.09090909,4,2.090909090909091,0,7,1.0,20260607_190924
2026-05-13 00:00:00,2026-05-13 01:00:00,0.6164705830483699,False,none,9,9,9,0,0.0,6,2.7777777777777777,3,6,1.0,20260607_190924
2026-05-13 01:00:00,2026-05-13 02:00:00,0.49235003343541806,False,none,9,9,9,4,0.44444445,1,1.7777777777777777,1,4,1.0,20260607_190924
2026-05-13 02:00:00,2026-05-13 03:00:00,0.8471192473853224,False,none,10,9,9,1,0.1,5,2.3,1,5,1.0,20260607_190924
2026-05-13 03:00:00,2026-05-13 04:00:00,0.7367177805862692,False,none,21,20,20,2,0.0952381,7,2.5238095238095237,1,7,1.0,20260607_190924
2026-05-13 04:00:00,2026-05-13 05:00:00,0.884304322703197,False,none,12,12,12,3,0.25,2,2.5,4,5,1.0,20260607_190924
2026-05-13 05:00:00,2026-05-13 06:00:00,0.9532809527714887,False,none,13,12,12,3,0.23076923,5,2.230769230769231,1,8,1.0,20260607_190924
2026-05-13 06:00:00,2026-05-13 07:00:00,0.8661653368033062,False,none,12,11,11,2,0.16666667,2,1.8333333333333333,0,5,1.0,20260607_190924
2026-05-13 07:00:00,2026-05-13 08:00:00,0.5816413867834891,False,none,5,5,5,1,0.2,2,2.8,1,5,1.0,20260607_190924
2026-05-13 08:00:00,2026-05-13 09:00:00,0.8856706202384284,False,none,9,9,9,2,0.22222222,2,2.0,0,6,1.0,20260607_190924
2026-05-13 09:00:00,2026-05-13 10:00:00,0.6709617140531505,False,none,16,15,15,2,0.125,7,2.4375,4,5,0.0,20260607_190924
2026-05-13 10:00:00,2026-05-13 11:00:00,0.5985320239926721,False,none,8,8,8,0,0.0,4,2.25,1,7,0.0,20260607_190924
2026-05-13 11:00:00,2026-05-13 12:00:00,0.7426842205509367,False,none,18,17,17,4,0.22222222,3,2.1666666666666665,2,6,0.0,20260607_190924
2026-05-13 12:00:00,2026-05-13 13:00:00,0.6713849311394497,False,none,16,16,16,2,0.125,2,2.125,3,8,0.0,20260607_190924
2026-05-13 13:00:00,2026-05-13 14:00:00,0.8432583516713956,False,none,14,14,14,2,0.14285715,5,2.2142857142857144,2,7,0.0,20260607_190924
2026-05-13 14:00:00,2026-05-13 15:00:00,0.43503188232459755,False,none,48,47,47,11,0.22916667,15,2.3125,5,9,0.0,20260607_190924
2026-05-13 15:00:00,2026-05-13 16:00:00,0.14793946052730456,False,none,57,57,57,18,0.31578946,21,2.280701754385965,11,10,0.0,20260607_190924
2026-05-13 16:00:00,2026-05-13 17:00:00,0.05320391481294595,False,none,74,72,72,19,0.25675675,20,2.310810810810811,9,10,0.0,20260607_190924
2026-05-13 17:00:00,2026-05-13 18:00:00,0.5921936538538763,False,none,65,64,64,11,0.16923077,19,2.1076923076923078,8,10,1.0,20260607_190924
2026-05-13 18:00:00,2026-05-13 19:00:00,0.4824511394027131,False,none,62,62,62,12,0.19354838,24,2.3870967741935485,11,10,1.0,20260607_190924
2026-05-13 19:00:00,2026-05-13 20:00:00,0.48114583820766366,False,none,55,54,54,8,0.14545454,20,2.4545454545454546,9,10,1.0,20260607_190924
2026-05-13 20:00:00,2026-05-13 21:00:00,0.19314563805710327,False,none,64,64,64,19,0.296875,12,2.25,11,8,1.0,20260607_190924
2026-05-13 21:00:00,2026-05-13 22:00:00,0.22050068804564504,False,none,52,51,51,7,0.13461539,23,2.6923076923076925,12,10,1.0,20260607_190924
2026-05-13 22:00:00,2026-05-13 23:00:00,0.9765769891051208,False,none,12,12,12,3,0.25,2,2.25,2,5,1.0,20260607_190924
2026-05-13 23:00:00,2026-05-14 00:00:00,0.975160476623109,False,none,11,11,11,3,0.27272728,3,2.272727272727273,2,7,1.0,20260607_190924
2026-05-14 00:00:00,2026-05-14 01:00:00,0.9409729920186314,False,none,13,13,13,4,0.30769232,2,2.230769230769231,2,7,1.0,20260607_190924
2026-05-14 01:00:00,2026-05-14 02:00:00,1.0,False,none,12,12,12,2,0.16666667,4,2.1666666666666665,3,6,1.0,20260607_190924
2026-05-14 02:00:00,2026-05-14 03:00:00,0.9380222721827087,False,none,15,15,15,4,0.26666668,5,2.466666666666667,3,6,1.0,20260607_190924
2026-05-14 03:00:00,2026-05-14 04:00:00,0.8294126722186614,False,none,8,8,8,1,0.125,3,2.625,1,6,1.0,20260607_190924
2026-05-14 04:00:00,2026-05-14 05:00:00,0.9926832135885102,False,none,12,12,12,2,0.16666667,2,2.25,2,7,1.0,20260607_190924
2026-05-14 05:00:00,2026-05-14 06:00:00,0.9058966351141595,False,none,15,15,15,4,0.26666668,3,2.1333333333333333,1,8,1.0,20260607_190924
2026-05-14 06:00:00,2026-05-14 07:00:00,-0.9701912594178197,True,avg_severity_rank,62,12,61,51,0.82258064,3,3.3225806451612905,29,48,1.0,20260607_190924
2026-05-14 07:00:00,2026-05-14 08:00:00,0.406009237977903,False,none,8,8,8,4,0.5,1,1.75,0,4,1.0,20260607_190924
2026-05-14 08:00:00,2026-05-14 09:00:00,0.936584049214199,False,none,16,14,14,2,0.125,5,2.3125,3,8,1.0,20260607_190924
2026-05-14 09:00:00,2026-05-14 10:00:00,0.6415313906324867,False,none,14,14,14,1,0.071428575,3,1.9285714285714286,1,9,0.0,20260607_190924
2026-05-14 10:00:00,2026-05-14 11:00:00,0.5309088545689207,False,none,5,5,5,1,0.2,1,2.2,1,3,0.0,20260607_190924
2026-05-14 11:00:00,2026-05-14 12:00:00,0.5833360896191435,False,none,19,18,18,2,0.10526316,4,2.473684210526316,5,9,0.0,20260607_190924
2026-05-14 12:00:00,2026-05-14 13:00:00,0.8530209273862361,False,none,13,12,12,3,0.23076923,4,2.230769230769231,3,7,0.0,20260607_190924
2026-05-14 13:00:00,2026-05-14 14:00:00,0.6886315473866753,False,none,17,15,15,5,0.29411766,5,2.176470588235294,3,8,0.0,20260607_190924
2026-05-14 14:00:00,2026-05-14 15:00:00,0.3818543898919471,False,none,49,47,47,8,0.1632653,11,2.306122448979592,9,11,0.0,20260607_190924
2026-05-14 15:00:00,2026-05-14 16:00:00,0.41203888698097835,False,none,66,64,64,11,0.16666667,21,2.212121212121212,7,10,0.0,20260607_190924
2026-05-14 16:00:00,2026-05-14 17:00:00,0.30950496590631316,False,none,50,50,50,10,0.2,14,2.56,14,9,0.0,20260607_190924
2026-05-14 17:00:00,2026-05-14 18:00:00,0.578151356125272,False,none,62,59,59,15,0.24193548,13,2.1774193548387095,8,10,1.0,20260607_190924
2026-05-14 18:00:00,2026-05-14 19:00:00,0.36641691297879575,False,none,54,53,53,14,0.25925925,10,2.0,5,10,1.0,20260607_190924
2026-05-14 19:00:00,2026-05-14 20:00:00,0.6719479974159264,False,none,57,56,56,12,0.21052632,15,2.3333333333333335,9,9,1.0,20260607_190924
2026-05-14 20:00:00,2026-05-14 21:00:00,-0.08414676645420038,False,none,76,72,72,9,0.118421055,25,2.4210526315789473,19,10,1.0,20260607_190924
2026-05-14 21:00:00,2026-05-14 22:00:00,0.5330467464636786,False,none,56,55,55,13,0.23214285,18,2.0892857142857144,10,10,1.0,20260607_190924
2026-05-14 22:00:00,2026-05-14 23:00:00,0.9622019851364774,False,none,13,13,13,3,0.23076923,3,2.3076923076923075,2,5,1.0,20260607_190924
2026-05-14 23:00:00,2026-05-15 00:00:00,0.7068000769459384,False,none,23,23,23,6,0.26086956,7,2.217391304347826,4,8,1.0,20260607_190924
2026-05-15 00:00:00,2026-05-15 01:00:00,0.8502799544981525,False,none,15,15,15,1,0.06666667,7,2.1333333333333333,2,7,1.0,20260607_190924
2026-05-15 01:00:00,2026-05-15 02:00:00,0.7461770321370376,False,none,17,17,17,3,0.1764706,8,2.0,0,6,1.0,20260607_190924
2026-05-15 02:00:00,2026-05-15 03:00:00,0.8342139774954211,False,none,17,17,17,4,0.23529412,5,2.176470588235294,1,5,1.0,20260607_190924
2026-05-15 03:00:00,2026-05-15 04:00:00,0.8729042133345277,False,none,12,12,12,1,0.083333336,3,2.0833333333333335,0,7,1.0,20260607_190924
2026-05-15 04:00:00,2026-05-15 05:00:00,0.8662739040748111,False,none,10,10,10,1,0.1,2,2.1,1,5,1.0,20260607_190924
2026-05-15 05:00:00,2026-05-15 06:00:00,0.8587701578024434,False,none,7,7,7,1,0.14285715,3,2.142857142857143,1,5,1.0,20260607_190924
2026-05-15 06:00:00,2026-05-15 07:00:00,0.7978194535122458,False,none,8,8,8,1,0.125,2,2.625,3,6,1.0,20260607_190924
2026-05-15 07:00:00,2026-05-15 08:00:00,0.9500376810713895,False,none,14,14,14,2,0.14285715,5,2.4285714285714284,4,6,1.0,20260607_190924
2026-05-15 08:00:00,2026-05-15 09:00:00,0.8844672748718272,False,none,13,13,13,1,0.07692308,5,2.6153846153846154,2,7,1.0,20260607_190924
2026-05-15 09:00:00,2026-05-15 10:00:00,0.8539698928139683,False,none,12,12,12,3,0.25,3,2.3333333333333335,2,6,0.0,20260607_190924
2026-05-15 10:00:00,2026-05-15 11:00:00,0.3318325215511666,False,none,6,6,6,0,0.0,3,3.1666666666666665,3,4,0.0,20260607_190924
2026-05-15 11:00:00,2026-05-15 12:00:00,0.5890873006170425,False,none,21,20,20,5,0.23809524,7,2.3333333333333335,3,9,0.0,20260607_190924
2026-05-15 12:00:00,2026-05-15 13:00:00,0.5551368225035813,False,none,12,12,12,1,0.083333336,8,2.8333333333333335,3,6,0.0,20260607_190924
2026-05-15 13:00:00,2026-05-15 14:00:00,0.6963319597623179,False,none,16,16,16,2,0.125,5,2.125,0,6,0.0,20260607_190924
2026-05-15 14:00:00,2026-05-15 15:00:00,0.3906833607112825,False,none,35,35,35,5,0.14285715,15,2.2,3,9,0.0,20260607_190924
2026-05-15 15:00:00,2026-05-15 16:00:00,-0.020748837096929318,False,none,70,65,65,7,0.1,27,2.4571428571428573,13,10,0.0,20260607_190924
2026-05-15 16:00:00,2026-05-15 17:00:00,0.40787455992452504,False,none,54,53,53,11,0.2037037,13,2.5185185185185186,13,9,0.0,20260607_190924
2026-05-15 17:00:00,2026-05-15 18:00:00,-0.0878722903445851,False,none,79,77,77,15,0.18987341,29,2.2658227848101267,13,9,1.0,20260607_190924
2026-05-15 18:00:00,2026-05-15 19:00:00,0.5752383820944083,False,none,60,58,58,8,0.13333334,22,2.2,8,10,1.0,20260607_190924
2026-05-15 19:00:00,2026-05-15 20:00:00,0.5296333561836943,False,none,52,52,52,12,0.23076923,10,2.1153846153846154,8,10,1.0,20260607_190924
2026-05-15 20:00:00,2026-05-15 21:00:00,0.3696752323590844,False,none,48,48,48,6,0.125,13,2.4791666666666665,12,9,1.0,20260607_190924
2026-05-15 21:00:00,2026-05-15 22:00:00,0.36923464858502975,False,none,57,55,55,11,0.19298245,17,2.280701754385965,15,8,1.0,20260607_190924
2026-05-15 22:00:00,2026-05-15 23:00:00,0.853217116490419,False,none,18,18,18,5,0.2777778,5,2.2222222222222223,4,8,1.0,20260607_190924
2026-05-15 23:00:00,2026-05-16 00:00:00,0.3913074012619453,False,none,8,8,8,4,0.5,0,2.375,0,5,1.0,20260607_190924
2026-05-16 00:00:00,2026-05-16 01:00:00,0.7506735302820935,False,none,21,21,21,3,0.14285715,4,1.8095238095238095,2,8,1.0,20260607_190924
2026-05-16 01:00:00,2026-05-16 02:00:00,0.9247448816881634,False,none,13,13,13,4,0.30769232,3,1.9230769230769231,2,6,1.0,20260607_190924
2026-05-16 02:00:00,2026-05-16 03:00:00,0.7869022923902218,False,none,14,14,14,5,0.35714287,5,2.0714285714285716,1,9,1.0,20260607_190924
2026-05-16 03:00:00,2026-05-16 04:00:00,0.8306055468484694,False,none,18,18,18,5,0.2777778,5,2.4444444444444446,5,6,1.0,20260607_190924
2026-05-16 04:00:00,2026-05-16 05:00:00,0.7711537898818024,False,none,18,17,17,2,0.11111111,8,2.0555555555555554,1,8,1.0,20260607_190924
2026-05-16 05:00:00,2026-05-16 06:00:00,0.7376261700207116,False,none,10,10,10,3,0.3,5,2.8,3,4,1.0,20260607_190924
2026-05-16 06:00:00,2026-05-16 07:00:00,0.5592953997127643,False,none,12,11,11,5,0.41666666,2,2.6666666666666665,5,7,1.0,20260607_190924
2026-05-16 07:00:00,2026-05-16 08:00:00,0.6301030057775268,False,none,16,16,16,1,0.0625,2,1.8125,0,9,1.0,20260607_190924
2026-05-16 08:00:00,2026-05-16 09:00:00,0.717380729093078,False,none,12,12,12,1,0.083333336,1,1.75,1,6,1.0,20260607_190924
2026-05-16 09:00:00,2026-05-16 10:00:00,0.6542261200872592,False,none,13,13,13,3,0.23076923,8,2.4615384615384617,1,8,0.0,20260607_190924
2026-05-16 10:00:00,2026-05-16 11:00:00,0.7956797156317952,False,none,12,12,12,1,0.083333336,5,2.3333333333333335,2,8,0.0,20260607_190924
2026-05-16 11:00:00,2026-05-16 12:00:00,0.7137917514773082,False,none,10,10,10,2,0.2,2,2.0,1,7,0.0,20260607_190924
2026-05-16 12:00:00,2026-05-16 13:00:00,0.6463491949631144,False,none,11,10,10,0,0.0,5,2.3636363636363638,2,5,0.0,20260607_190924
2026-05-16 13:00:00,2026-05-16 14:00:00,0.6718577574753692,False,none,21,21,21,3,0.14285715,7,2.4285714285714284,4,6,0.0,20260607_190924
2026-05-16 14:00:00,2026-05-16 15:00:00,0.49888772787155755,False,none,53,52,52,8,0.1509434,16,2.207547169811321,9,10,0.0,20260607_190924
2026-05-16 15:00:00,2026-05-16 16:00:00,0.30979849064646814,False,none,44,43,43,12,0.27272728,15,2.409090909090909,11,9,0.0,20260607_190924
2026-05-16 16:00:00,2026-05-16 17:00:00,0.5377183783522457,False,none,55,53,53,10,0.18181819,14,2.2363636363636363,7,8,0.0,20260607_190924
2026-05-16 17:00:00,2026-05-16 18:00:00,0.5432628594729585,False,none,65,64,64,13,0.2,19,2.3846153846153846,11,10,1.0,20260607_190924
2026-05-16 18:00:00,2026-05-16 19:00:00,0.353428154780528,False,none,66,66,66,7,0.10606061,25,2.287878787878788,8,9,1.0,20260607_190924
2026-05-16 19:00:00,2026-05-16 20:00:00,0.36215283496260975,False,none,52,51,51,9,0.17307693,16,2.5961538461538463,14,9,1.0,20260607_190924
2026-05-16 20:00:00,2026-05-16 21:00:00,0.6292553707499993,False,none,64,62,62,11,0.171875,14,2.328125,10,9,1.0,20260607_190924
2026-05-16 21:00:00,2026-05-16 22:00:00,0.3042373086513499,False,none,46,45,45,13,0.2826087,12,2.282608695652174,3,8,1.0,20260607_190924
2026-05-16 22:00:00,2026-05-16 23:00:00,0.3853425285485814,False,none,9,9,9,5,0.5555556,2,2.5555555555555554,3,6,1.0,20260607_190924
2026-05-16 23:00:00,2026-05-17 00:00:00,0.7063345002000962,False,none,10,10,10,4,0.4,2,2.5,1,5,1.0,20260607_190924
2026-05-17 00:00:00,2026-05-17 01:00:00,0.7793773231618921,False,none,12,12,12,3,0.25,6,2.6666666666666665,3,4,1.0,20260607_190924
2026-05-17 01:00:00,2026-05-17 02:00:00,0.8711944109894039,False,none,16,16,16,4,0.25,2,2.375,4,8,1.0,20260607_190924
2026-05-17 02:00:00,2026-05-17 03:00:00,0.5322141556158821,False,none,13,13,13,0,0.0,2,2.8461538461538463,6,7,1.0,20260607_190924
2026-05-17 03:00:00,2026-05-17 04:00:00,0.9017181557130947,False,none,16,16,16,2,0.125,5,2.25,4,7,1.0,20260607_190924
2026-05-17 04:00:00,2026-05-17 05:00:00,0.81566480480679,False,none,18,18,18,3,0.16666667,7,2.3333333333333335,1,9,1.0,20260607_190924
2026-05-17 05:00:00,2026-05-17 06:00:00,0.9821892723139285,False,none,13,13,13,3,0.23076923,5,2.5384615384615383,3,6,1.0,20260607_190924
2026-05-17 06:00:00,2026-05-17 07:00:00,0.6703943709376563,False,none,9,9,9,1,0.11111111,3,1.6666666666666667,0,6,1.0,20260607_190924
2026-05-17 07:00:00,2026-05-17 08:00:00,0.8567683555169563,False,none,10,10,10,1,0.1,2,2.6,2,6,1.0,20260607_190924
2026-05-17 08:00:00,2026-05-17 09:00:00,0.8251971857158438,False,none,15,15,15,0,0.0,5,2.2,2,7,1.0,20260607_190924
2026-05-17 09:00:00,2026-05-17 10:00:00,0.8258678427426365,False,none,11,11,11,2,0.18181819,5,2.272727272727273,1,6,0.0,20260607_190924
2026-05-17 10:00:00,2026-05-17 11:00:00,0.7353745417617812,False,none,12,12,12,4,0.33333334,3,2.1666666666666665,1,5,0.0,20260607_190924
2026-05-17 11:00:00,2026-05-17 12:00:00,0.7957035560873369,False,none,13,13,13,2,0.15384616,6,2.1538461538461537,1,7,0.0,20260607_190924
2026-05-17 12:00:00,2026-05-17 13:00:00,0.5977704676224989,False,none,14,11,11,1,0.071428575,8,1.9285714285714286,1,6,0.0,20260607_190924
2026-05-17 13:00:00,2026-05-17 14:00:00,0.5598610986136832,False,none,7,7,7,0,0.0,1,2.2857142857142856,1,4,0.0,20260607_190924
2026-05-17 14:00:00,2026-05-17 15:00:00,0.245262670454667,False,none,65,65,65,18,0.2769231,14,2.3230769230769233,10,10,0.0,20260607_190924
2026-05-17 15:00:00,2026-05-17 16:00:00,-0.984091707270386,True,critical_event_count,106,57,106,64,0.6037736,14,2.7735849056603774,31,52,0.0,20260607_190924
2026-05-17 16:00:00,2026-05-17 17:00:00,0.2834763080993494,False,none,53,53,53,15,0.28301886,11,2.0943396226415096,6,8,0.0,20260607_190924
2026-05-17 17:00:00,2026-05-17 18:00:00,0.4569159610828284,False,none,69,66,66,15,0.2173913,17,2.4057971014492754,11,10,1.0,20260607_190924
2026-05-17 18:00:00,2026-05-17 19:00:00,0.47142990047801914,False,none,63,61,61,14,0.22222222,18,2.4761904761904763,9,10,1.0,20260607_190924
2026-05-17 19:00:00,2026-05-17 20:00:00,0.31633113725960604,False,none,72,70,69,16,0.22222222,16,2.263888888888889,13,9,1.0,20260607_190924
2026-05-17 20:00:00,2026-05-17 21:00:00,0.19579652860465369,False,none,70,69,69,12,0.17142858,20,2.0428571428571427,3,9,1.0,20260607_190924
2026-05-17 21:00:00,2026-05-17 22:00:00,-1.0,True,total_event_count,102,53,102,61,0.5980392,14,2.843137254901961,35,49,1.0,20260607_190924
2026-05-17 22:00:00,2026-05-17 23:00:00,0.7919543509518219,False,none,18,18,18,4,0.22222222,7,2.4444444444444446,1,8,1.0,20260607_190924
2026-05-17 23:00:00,2026-05-18 00:00:00,0.8708242110256037,False,none,19,19,19,3,0.15789473,7,2.473684210526316,2,6,1.0,20260607_190924
2026-05-18 00:00:00,2026-05-18 01:00:00,0.7231303842137806,False,none,7,7,7,0,0.0,3,2.4285714285714284,0,6,1.0,20260607_190924
2026-05-18 01:00:00,2026-05-18 02:00:00,0.9463529259713017,False,none,13,13,13,3,0.23076923,3,2.1538461538461537,0,7,1.0,20260607_190924
2026-05-18 02:00:00,2026-05-18 03:00:00,0.9247764932276885,False,none,15,15,15,2,0.13333334,5,2.4,4,8,1.0,20260607_190924
2026-05-18 03:00:00,2026-05-18 04:00:00,0.7268966649371886,False,none,16,16,16,2,0.125,4,2.0625,1,10,1.0,20260607_190924
2026-05-18 04:00:00,2026-05-18 05:00:00,0.9147697118623661,False,none,12,12,12,4,0.33333334,3,2.0,1,6,1.0,20260607_190924
2026-05-18 05:00:00,2026-05-18 06:00:00,0.6197971150714177,False,none,11,10,10,5,0.45454547,3,2.3636363636363638,2,7,1.0,20260607_190924
2026-05-18 06:00:00,2026-05-18 07:00:00,0.8846910153075691,False,none,17,15,15,2,0.11764706,4,2.4705882352941178,4,8,1.0,20260607_190924
2026-05-18 07:00:00,2026-05-18 08:00:00,0.8871279023265304,False,none,13,12,12,2,0.15384616,6,2.3846153846153846,1,5,1.0,20260607_190924
2026-05-18 08:00:00,2026-05-18 09:00:00,0.39834533177863496,False,none,13,12,12,7,0.53846157,3,2.769230769230769,3,7,1.0,20260607_190924
2026-05-18 09:00:00,2026-05-18 10:00:00,0.5784569605169949,False,none,19,19,19,6,0.31578946,6,2.473684210526316,3,6,0.0,20260607_190924
2026-05-18 10:00:00,2026-05-18 11:00:00,0.6592922505482266,False,none,8,8,8,2,0.25,2,1.875,0,5,0.0,20260607_190924
2026-05-18 11:00:00,2026-05-18 12:00:00,0.8009850816808393,False,none,11,10,10,2,0.18181819,5,2.1818181818181817,1,6,0.0,20260607_190924
2026-05-18 12:00:00,2026-05-18 13:00:00,0.6323169014829881,False,none,9,9,9,3,0.33333334,2,2.4444444444444446,1,6,0.0,20260607_190924
2026-05-18 13:00:00,2026-05-18 14:00:00,0.6475522224607488,False,none,14,13,13,3,0.21428572,6,2.5,4,4,0.0,20260607_190924
2026-05-18 14:00:00,2026-05-18 15:00:00,0.3972098395827115,False,none,55,55,55,14,0.25454545,8,2.2181818181818183,7,10,0.0,20260607_190924
2026-05-18 15:00:00,2026-05-18 16:00:00,0.372682300544676,False,none,59,58,58,12,0.20338982,22,2.2711864406779663,8,7,0.0,20260607_190924
2026-05-18 16:00:00,2026-05-18 17:00:00,0.5219486309125567,False,none,55,55,55,10,0.18181819,17,2.109090909090909,6,10,0.0,20260607_190924
2026-05-18 17:00:00,2026-05-18 18:00:00,0.45434258055296994,False,none,63,60,60,16,0.25396827,19,2.3333333333333335,12,10,1.0,20260607_190924
2026-05-18 18:00:00,2026-05-18 19:00:00,0.2793947121507838,False,none,76,72,72,9,0.118421055,21,2.3289473684210527,12,9,1.0,20260607_190924
2026-05-18 19:00:00,2026-05-18 20:00:00,-0.07943755895553772,False,none,76,75,75,12,0.15789473,24,2.289473684210526,17,9,1.0,20260607_190924
2026-05-18 20:00:00,2026-05-18 21:00:00,0.5385768999111755,False,none,55,54,54,10,0.18181819,19,2.1272727272727274,4,9,1.0,20260607_190924
2026-05-18 21:00:00,2026-05-18 22:00:00,0.20156258355399692,False,none,61,60,60,10,0.16393442,23,2.5737704918032787,16,9,1.0,20260607_190924
2026-05-18 22:00:00,2026-05-18 23:00:00,0.8775178641560593,False,none,14,14,14,4,0.2857143,4,1.9285714285714286,0,6,1.0,20260607_190924
2026-05-18 23:00:00,2026-05-19 00:00:00,0.9905295438259094,False,none,15,15,15,3,0.2,4,2.1333333333333333,1,6,1.0,20260607_190924
2026-05-19 00:00:00,2026-05-19 01:00:00,0.7433222535336594,False,none,22,21,21,5,0.22727273,6,2.0454545454545454,2,9,1.0,20260607_190924
2026-05-19 01:00:00,2026-05-19 02:00:00,0.9068064538508975,False,none,16,16,16,2,0.125,5,1.9375,2,6,1.0,20260607_190924
2026-05-19 02:00:00,2026-05-19 03:00:00,0.7213160316007943,False,none,6,6,6,0,0.0,2,2.1666666666666665,0,4,1.0,20260607_190924
2026-05-19 03:00:00,2026-05-19 04:00:00,0.906735780285072,False,none,16,15,15,2,0.125,5,2.4375,4,7,1.0,20260607_190924
2026-05-19 04:00:00,2026-05-19 05:00:00,0.8360504434068643,False,none,19,19,19,4,0.21052632,5,2.210526315789474,2,5,1.0,20260607_190924
2026-05-19 05:00:00,2026-05-19 06:00:00,0.9321930971994015,False,none,10,10,10,2,0.2,3,2.5,2,4,1.0,20260607_190924
2026-05-19 06:00:00,2026-05-19 07:00:00,0.8921086357389949,False,none,11,10,10,3,0.27272728,5,2.5454545454545454,2,4,1.0,20260607_190924
2026-05-19 07:00:00,2026-05-19 08:00:00,0.9321389729820322,False,none,16,15,15,4,0.25,5,2.3125,1,6,1.0,20260607_190924
2026-05-19 08:00:00,2026-05-19 09:00:00,-0.9671244083175347,True,avg_severity_rank,64,15,64,53,0.828125,6,3.109375,22,49,1.0,20260607_190924
2026-05-19 09:00:00,2026-05-19 10:00:00,0.6281016427660904,False,none,13,13,13,4,0.30769232,1,2.4615384615384617,3,6,0.0,20260607_190924
2026-05-19 10:00:00,2026-05-19 11:00:00,0.7472977735581297,False,none,13,13,13,3,0.23076923,5,2.4615384615384617,0,6,0.0,20260607_190924
2026-05-19 11:00:00,2026-05-19 12:00:00,0.8252985142205218,False,none,14,14,14,2,0.14285715,3,2.4285714285714284,3,7,0.0,20260607_190924
2026-05-19 12:00:00,2026-05-19 13:00:00,0.7801937649443702,False,none,14,12,12,3,0.21428572,6,2.357142857142857,2,5,0.0,20260607_190924
2026-05-19 13:00:00,2026-05-19 14:00:00,0.7045364764314368,False,none,19,19,19,3,0.15789473,5,2.473684210526316,4,7,0.0,20260607_190924
2026-05-19 14:00:00,2026-05-19 15:00:00,0.4683240222363598,False,none,52,51,51,10,0.1923077,14,2.173076923076923,8,8,0.0,20260607_190924
2026-05-19 15:00:00,2026-05-19 16:00:00,0.3849225964862566,False,none,50,49,49,13,0.26,12,2.14,6,10,0.0,20260607_190924
2026-05-19 16:00:00,2026-05-19 17:00:00,-0.055846369122733774,False,none,75,73,73,15,0.2,25,2.2666666666666666,17,9,0.0,20260607_190924
2026-05-19 17:00:00,2026-05-19 18:00:00,0.5206484852543731,False,none,64,63,63,16,0.25,18,2.265625,11,10,1.0,20260607_190924
2026-05-19 18:00:00,2026-05-19 19:00:00,0.48783783594656116,False,none,64,62,62,13,0.203125,19,2.046875,5,9,1.0,20260607_190924
2026-05-19 19:00:00,2026-05-19 20:00:00,0.1930288585876001,False,none,59,57,57,6,0.10169491,26,2.542372881355932,12,10,1.0,20260607_190924
2026-05-19 20:00:00,2026-05-19 21:00:00,0.3474912269531172,False,none,47,46,46,9,0.19148937,20,2.404255319148936,6,9,1.0,20260607_190924
2026-05-19 21:00:00,2026-05-19 22:00:00,0.4715031954073139,False,none,66,64,64,8,0.121212125,16,2.0606060606060606,7,10,1.0,20260607_190924
2026-05-19 22:00:00,2026-05-19 23:00:00,0.95293810057773,False,none,12,12,12,3,0.25,6,2.1666666666666665,1,7,1.0,20260607_190924
2026-05-19 23:00:00,2026-05-20 00:00:00,0.8717167868392939,False,none,9,9,9,2,0.22222222,3,2.0,0,4,1.0,20260607_190924
2026-05-20 00:00:00,2026-05-20 01:00:00,0.7462019307084979,False,none,18,17,17,3,0.16666667,8,2.6666666666666665,4,6,1.0,20260607_190924
2026-05-20 01:00:00,2026-05-20 02:00:00,0.7496683233446915,False,none,13,13,13,5,0.3846154,2,1.9230769230769231,1,5,1.0,20260607_190924
2026-05-20 02:00:00,2026-05-20 03:00:00,0.7808511644555025,False,none,10,10,10,0,0.0,4,2.1,1,5,1.0,20260607_190924
2026-05-20 03:00:00,2026-05-20 04:00:00,0.8935778992183778,False,none,11,11,11,1,0.09090909,5,2.5454545454545454,1,5,1.0,20260607_190924
2026-05-20 04:00:00,2026-05-20 05:00:00,0.6957058049742839,False,none,11,11,11,4,0.36363637,1,2.727272727272727,2,6,1.0,20260607_190924
2026-05-20 05:00:00,2026-05-20 06:00:00,0.6928974115641258,False,none,8,8,8,1,0.125,3,1.625,0,6,1.0,20260607_190924
2026-05-20 06:00:00,2026-05-20 07:00:00,0.6638887711737274,False,none,10,10,10,0,0.0,3,2.9,4,7,1.0,20260607_190924
2026-05-20 07:00:00,2026-05-20 08:00:00,0.8866788548555209,False,none,10,10,10,2,0.2,3,2.5,4,6,1.0,20260607_190924
2026-05-20 08:00:00,2026-05-20 09:00:00,0.7906654382145131,False,none,8,8,8,2,0.25,2,2.5,0,3,1.0,20260607_190924
2026-05-20 09:00:00,2026-05-20 10:00:00,0.77015457069692,False,none,16,15,15,3,0.1875,5,2.0625,1,6,0.0,20260607_190924
2026-05-20 10:00:00,2026-05-20 11:00:00,0.7333587569843687,False,none,11,11,11,1,0.09090909,3,2.727272727272727,3,6,0.0,20260607_190924
2026-05-20 11:00:00,2026-05-20 12:00:00,0.48882577994381426,False,none,19,19,19,2,0.10526316,8,2.473684210526316,2,10,0.0,20260607_190924
2026-05-20 12:00:00,2026-05-20 13:00:00,0.7776374252008482,False,none,15,15,15,3,0.2,4,2.466666666666667,3,5,0.0,20260607_190924
2026-05-20 13:00:00,2026-05-20 14:00:00,0.6944227992874696,False,none,16,15,15,2,0.125,9,2.25,2,7,0.0,20260607_190924
2026-05-20 14:00:00,2026-05-20 15:00:00,0.32743512016643983,False,none,49,49,49,12,0.24489796,13,2.4081632653061225,14,10,0.0,20260607_190924
2026-05-20 15:00:00,2026-05-20 16:00:00,0.4325975645913005,False,none,40,38,38,8,0.2,12,2.275,6,9,0.0,20260607_190924
2026-05-20 16:00:00,2026-05-20 17:00:00,0.3513351016637787,False,none,52,52,52,7,0.13461539,17,2.076923076923077,6,10,0.0,20260607_190924
2026-05-20 17:00:00,2026-05-20 18:00:00,0.3809555188479634,False,none,71,70,69,9,0.12676056,18,2.1971830985915495,10,10,1.0,20260607_190924
2026-05-20 18:00:00,2026-05-20 19:00:00,0.6604856362682601,False,none,57,57,57,11,0.19298245,13,2.210526315789474,11,10,1.0,20260607_190924
2026-05-20 19:00:00,2026-05-20 20:00:00,0.33732261846050937,False,none,65,63,63,14,0.21538462,17,1.9538461538461538,4,10,1.0,20260607_190924
2026-05-20 20:00:00,2026-05-20 21:00:00,0.6305572919327158,False,none,55,55,55,11,0.2,14,2.1272727272727274,6,10,1.0,20260607_190924
2026-05-20 21:00:00,2026-05-20 22:00:00,0.5735318277229629,False,none,56,56,56,15,0.26785713,13,2.232142857142857,9,10,1.0,20260607_190924
2026-05-20 22:00:00,2026-05-20 23:00:00,0.5610749203427947,False,none,8,8,8,3,0.375,2,2.875,2,7,1.0,20260607_190924
2026-05-20 23:00:00,2026-05-21 00:00:00,0.8602897484630698,False,none,13,13,13,2,0.15384616,4,2.4615384615384617,5,8,1.0,20260607_190924
2026-05-21 00:00:00,2026-05-21 01:00:00,0.7046014889839758,False,none,10,10,10,0,0.0,7,2.3,2,6,1.0,20260607_190924
2026-05-21 01:00:00,2026-05-21 02:00:00,0.6859797434859849,False,none,17,17,17,2,0.11764706,9,2.0588235294117645,1,9,1.0,20260607_190924
2026-05-21 02:00:00,2026-05-21 03:00:00,0.9001894061933153,False,none,14,14,14,3,0.21428572,7,2.357142857142857,1,7,1.0,20260607_190924
2026-05-21 03:00:00,2026-05-21 04:00:00,0.776165998729629,False,none,13,13,13,2,0.15384616,5,2.6923076923076925,5,5,1.0,20260607_190924
2026-05-21 04:00:00,2026-05-21 05:00:00,0.8570072682192822,False,none,13,13,13,3,0.23076923,3,2.076923076923077,1,3,1.0,20260607_190924
2026-05-21 05:00:00,2026-05-21 06:00:00,0.8836399311344241,False,none,13,13,13,1,0.07692308,2,2.3076923076923075,3,5,1.0,20260607_190924
2026-05-21 06:00:00,2026-05-21 07:00:00,0.6963770105021789,False,none,6,6,6,2,0.33333334,2,1.8333333333333333,0,4,1.0,20260607_190924
2026-05-21 07:00:00,2026-05-21 08:00:00,0.694226874728332,False,none,21,21,21,5,0.23809524,8,1.9523809523809523,3,8,1.0,20260607_190924
2026-05-21 08:00:00,2026-05-21 09:00:00,0.9345968434847727,False,none,15,15,15,2,0.13333334,6,2.2666666666666666,4,6,1.0,20260607_190924
2026-05-21 09:00:00,2026-05-21 10:00:00,0.8136553104319919,False,none,12,12,12,3,0.25,4,2.4166666666666665,2,5,0.0,20260607_190924
2026-05-21 10:00:00,2026-05-21 11:00:00,0.7853448224395418,False,none,11,10,10,1,0.09090909,4,2.3636363636363638,2,6,0.0,20260607_190924
2026-05-21 11:00:00,2026-05-21 12:00:00,0.8348036552763098,False,none,13,13,13,3,0.23076923,2,2.230769230769231,2,6,0.0,20260607_190924
2026-05-21 12:00:00,2026-05-21 13:00:00,0.3813946022278938,False,none,15,15,15,7,0.46666667,6,2.0,2,7,0.0,20260607_190924
2026-05-21 13:00:00,2026-05-21 14:00:00,0.8408810698554254,False,none,13,12,12,2,0.15384616,4,2.3846153846153846,1,7,0.0,20260607_190924
2026-05-21 14:00:00,2026-05-21 15:00:00,0.2788033810617352,False,none,57,54,54,10,0.1754386,20,2.43859649122807,15,10,0.0,20260607_190924
2026-05-21 15:00:00,2026-05-21 16:00:00,0.42227106029599826,False,none,51,51,51,12,0.23529412,15,2.0784313725490198,6,9,0.0,20260607_190924
2026-05-21 16:00:00,2026-05-21 17:00:00,0.4380011394753758,False,none,47,46,46,9,0.19148937,15,2.3404255319148937,9,9,0.0,20260607_190924
2026-05-21 17:00:00,2026-05-21 18:00:00,0.35405386528914606,False,none,75,71,71,15,0.2,21,2.2266666666666666,8,10,1.0,20260607_190924
2026-05-21 18:00:00,2026-05-21 19:00:00,0.10991717001415835,False,none,68,67,67,19,0.27941176,12,2.1470588235294117,5,8,1.0,20260607_190924
2026-05-21 19:00:00,2026-05-21 20:00:00,0.5979730453798711,False,none,57,56,56,15,0.2631579,14,2.2982456140350878,8,10,1.0,20260607_190924
2026-05-21 20:00:00,2026-05-21 21:00:00,0.689863209742279,False,none,59,58,58,12,0.20338982,17,2.305084745762712,7,10,1.0,20260607_190924
2026-05-21 21:00:00,2026-05-21 22:00:00,0.4613552403669696,False,none,64,64,64,16,0.25,16,2.359375,11,10,1.0,20260607_190924
2026-05-21 22:00:00,2026-05-21 23:00:00,0.6568844560395921,False,none,6,6,6,2,0.33333334,1,1.8333333333333333,0,4,1.0,20260607_190924
2026-05-21 23:00:00,2026-05-22 00:00:00,0.800861893139045,False,none,13,13,13,0,0.0,6,2.230769230769231,2,6,1.0,20260607_190924
2026-05-22 00:00:00,2026-05-22 01:00:00,0.9192669391199804,False,none,11,11,11,2,0.18181819,4,2.5454545454545454,3,4,1.0,20260607_190924
2026-05-22 01:00:00,2026-05-22 02:00:00,0.7236122999209587,False,none,15,15,15,6,0.4,5,2.2,2,7,1.0,20260607_190924
2026-05-22 02:00:00,2026-05-22 03:00:00,0.9152763087166409,False,none,11,11,11,1,0.09090909,2,2.1818181818181817,1,4,1.0,20260607_190924
2026-05-22 03:00:00,2026-05-22 04:00:00,0.6704930493597452,False,none,18,18,18,7,0.3888889,5,2.3333333333333335,2,8,1.0,20260607_190924
2026-05-22 04:00:00,2026-05-22 05:00:00,0.9515148444448547,False,none,13,13,13,3,0.23076923,5,2.0,1,7,1.0,20260607_190924
2026-05-22 05:00:00,2026-05-22 06:00:00,0.7430952995689373,False,none,13,13,13,3,0.23076923,1,1.6923076923076923,1,5,1.0,20260607_190924
2026-05-22 06:00:00,2026-05-22 07:00:00,0.9191199598522337,False,none,8,8,8,2,0.25,2,2.25,1,6,1.0,20260607_190924
2026-05-22 07:00:00,2026-05-22 08:00:00,0.8139545472383882,False,none,8,8,8,1,0.125,2,1.875,1,6,1.0,20260607_190924
2026-05-22 08:00:00,2026-05-22 09:00:00,0.9096352808480406,False,none,16,15,15,3,0.1875,5,2.25,0,8,1.0,20260607_190924
2026-05-22 09:00:00,2026-05-22 10:00:00,0.7790776898990404,False,none,13,13,13,2,0.15384616,6,2.5384615384615383,2,7,0.0,20260607_190924
2026-05-22 10:00:00,2026-05-22 11:00:00,0.6108632024795293,False,none,18,18,18,2,0.11111111,7,2.388888888888889,6,7,0.0,20260607_190924
2026-05-22 11:00:00,2026-05-22 12:00:00,0.772814442111585,False,none,12,12,12,1,0.083333336,4,2.0833333333333335,1,8,0.0,20260607_190924
2026-05-22 12:00:00,2026-05-22 13:00:00,0.2695356180385906,False,none,4,4,4,0,0.0,1,1.75,0,3,0.0,20260607_190924
2026-05-22 13:00:00,2026-05-22 14:00:00,0.7036973480116555,False,none,10,10,10,1,0.1,3,2.5,3,7,0.0,20260607_190924
2026-05-22 14:00:00,2026-05-22 15:00:00,0.44103211837336054,False,none,63,62,62,10,0.15873016,20,2.1587301587301586,8,9,0.0,20260607_190924
2026-05-22 15:00:00,2026-05-22 16:00:00,0.4770720055810964,False,none,56,55,55,9,0.16071428,20,2.3392857142857144,10,10,0.0,20260607_190924
2026-05-22 16:00:00,2026-05-22 17:00:00,0.29817365591420586,False,none,64,62,62,14,0.21875,15,2.046875,7,8,0.0,20260607_190924
2026-05-22 17:00:00,2026-05-22 18:00:00,0.2800814297500023,False,none,50,49,49,4,0.08,11,2.28,9,8,1.0,20260607_190924
2026-05-22 18:00:00,2026-05-22 19:00:00,0.41216824359865023,False,none,44,44,44,10,0.22727273,12,2.090909090909091,6,10,1.0,20260607_190924
2026-05-22 19:00:00,2026-05-22 20:00:00,0.4411998342609349,False,none,54,53,53,4,0.074074075,12,2.185185185185185,7,10,1.0,20260607_190924
2026-05-22 20:00:00,2026-05-22 21:00:00,0.49383821076854817,False,none,68,68,68,12,0.1764706,17,2.1029411764705883,10,10,1.0,20260607_190924
2026-05-22 21:00:00,2026-05-22 22:00:00,0.5473118593875046,False,none,67,64,64,10,0.14925373,21,2.2686567164179103,12,10,1.0,20260607_190924
2026-05-22 22:00:00,2026-05-22 23:00:00,0.9338887855416005,False,none,13,13,13,1,0.07692308,3,2.230769230769231,2,7,1.0,20260607_190924
2026-05-22 23:00:00,2026-05-23 00:00:00,0.8262820049539119,False,none,8,8,8,1,0.125,2,2.0,0,6,1.0,20260607_190924
2026-05-23 00:00:00,2026-05-23 01:00:00,0.7634402106411535,False,none,8,8,8,3,0.375,2,2.125,0,6,1.0,20260607_190924
2026-05-23 01:00:00,2026-05-23 02:00:00,0.80977802161323,False,none,10,10,10,2,0.2,2,1.7,0,5,1.0,20260607_190924
2026-05-23 02:00:00,2026-05-23 03:00:00,0.9019249220497654,False,none,16,15,15,2,0.125,7,2.25,3,8,1.0,20260607_190924
2026-05-23 03:00:00,2026-05-23 04:00:00,0.5058454763368949,False,none,4,4,4,0,0.0,2,2.5,0,3,1.0,20260607_190924
2026-05-23 04:00:00,2026-05-23 05:00:00,0.8437481011131487,False,none,14,14,14,3,0.21428572,2,1.7857142857142858,0,7,1.0,20260607_190924
2026-05-23 05:00:00,2026-05-23 06:00:00,0.7470097288847335,False,none,7,7,7,2,0.2857143,1,2.5714285714285716,3,6,1.0,20260607_190924
2026-05-23 06:00:00,2026-05-23 07:00:00,0.7168802676435755,False,none,19,18,18,6,0.31578946,4,2.0,1,8,1.0,20260607_190924
2026-05-23 07:00:00,2026-05-23 08:00:00,0.7946896399020349,False,none,17,17,17,4,0.23529412,8,2.2941176470588234,3,5,1.0,20260607_190924
2026-05-23 08:00:00,2026-05-23 09:00:00,0.7213637631135159,False,none,15,14,14,0,0.0,5,2.2666666666666666,3,4,1.0,20260607_190924
2026-05-23 09:00:00,2026-05-23 10:00:00,0.6462438172532672,False,none,10,10,10,2,0.2,3,1.7,0,4,0.0,20260607_190924
2026-05-23 10:00:00,2026-05-23 11:00:00,0.7350456799834326,False,none,12,12,12,4,0.33333334,3,2.3333333333333335,2,5,0.0,20260607_190924
2026-05-23 11:00:00,2026-05-23 12:00:00,0.8281961444160457,False,none,11,11,11,2,0.18181819,4,2.4545454545454546,3,6,0.0,20260607_190924
2026-05-23 12:00:00,2026-05-23 13:00:00,0.5839726194051476,False,none,13,12,12,0,0.0,5,1.9230769230769231,1,4,0.0,20260607_190924
2026-05-23 13:00:00,2026-05-23 14:00:00,0.5155134406133028,False,none,8,8,8,0,0.0,2,1.875,1,4,0.0,20260607_190924
2026-05-23 14:00:00,2026-05-23 15:00:00,0.414702331625854,False,none,57,56,56,10,0.1754386,21,2.43859649122807,11,9,0.0,20260607_190924
2026-05-23 15:00:00,2026-05-23 16:00:00,0.2512350200971498,False,none,69,69,69,17,0.24637681,16,2.2318840579710146,11,10,0.0,20260607_190924
2026-05-23 16:00:00,2026-05-23 17:00:00,0.08360531404426075,False,none,66,65,65,18,0.27272728,21,2.287878787878788,16,10,0.0,20260607_190924
2026-05-23 17:00:00,2026-05-23 18:00:00,0.58705160277401,False,none,62,61,61,10,0.16129032,20,2.3548387096774195,11,9,1.0,20260607_190924
2026-05-23 18:00:00,2026-05-23 19:00:00,0.5163257426309473,False,none,64,61,61,10,0.15625,21,2.09375,6,10,1.0,20260607_190924
2026-05-23 19:00:00,2026-05-23 20:00:00,0.42821464711164503,False,none,44,44,44,10,0.22727273,11,2.2045454545454546,6,8,1.0,20260607_190924
2026-05-23 20:00:00,2026-05-23 21:00:00,0.27536614384550195,False,none,48,48,48,6,0.125,20,2.5,10,10,1.0,20260607_190924
2026-05-23 21:00:00,2026-05-23 22:00:00,0.6233695888157444,False,none,60,60,60,9,0.15,20,2.283333333333333,10,9,1.0,20260607_190924
2026-05-23 22:00:00,2026-05-23 23:00:00,0.8975237915083225,False,none,11,11,11,1,0.09090909,3,2.0,1,5,1.0,20260607_190924
2026-05-23 23:00:00,2026-05-24 00:00:00,0.882199975403908,False,none,8,8,8,2,0.25,3,2.125,0,6,1.0,20260607_190924
2026-05-24 00:00:00,2026-05-24 01:00:00,0.634580790770334,False,none,7,7,7,3,0.42857143,2,2.142857142857143,0,5,1.0,20260607_190924
2026-05-24 01:00:00,2026-05-24 02:00:00,0.937214395638881,False,none,12,12,12,1,0.083333336,2,2.5,2,6,1.0,20260607_190924
2026-05-24 02:00:00,2026-05-24 03:00:00,0.8722372765556994,False,none,11,10,10,1,0.09090909,3,2.3636363636363638,0,6,1.0,20260607_190924
2026-05-24 03:00:00,2026-05-24 04:00:00,0.7347240885503672,False,none,15,15,15,3,0.2,6,2.8,5,5,1.0,20260607_190924
2026-05-24 04:00:00,2026-05-24 05:00:00,0.7911123775734112,False,none,11,11,11,3,0.27272728,0,2.090909090909091,1,6,1.0,20260607_190924
2026-05-24 05:00:00,2026-05-24 06:00:00,0.8441556843346314,False,none,12,12,12,0,0.0,5,2.0833333333333335,1,6,1.0,20260607_190924
2026-05-24 06:00:00,2026-05-24 07:00:00,0.667182772613867,False,none,21,21,21,7,0.33333334,6,2.4761904761904763,2,7,1.0,20260607_190924
2026-05-24 07:00:00,2026-05-24 08:00:00,0.9712909130841303,False,none,13,13,13,3,0.23076923,3,2.0,1,7,1.0,20260607_190924
2026-05-24 08:00:00,2026-05-24 09:00:00,0.8852870882256223,False,none,14,14,14,1,0.071428575,5,2.2142857142857144,1,8,1.0,20260607_190924
2026-05-24 09:00:00,2026-05-24 10:00:00,0.6468123602927778,False,none,17,17,17,5,0.29411766,7,2.3529411764705883,2,6,0.0,20260607_190924
2026-05-24 10:00:00,2026-05-24 11:00:00,0.33495543980623266,False,none,9,9,9,0,0.0,2,3.111111111111111,3,4,0.0,20260607_190924
2026-05-24 11:00:00,2026-05-24 12:00:00,0.6446955083353425,False,none,18,18,18,2,0.11111111,3,2.0555555555555554,3,6,0.0,20260607_190924
2026-05-24 12:00:00,2026-05-24 13:00:00,0.5704893286621755,False,none,17,17,17,4,0.23529412,5,2.588235294117647,7,6,0.0,20260607_190924
2026-05-24 13:00:00,2026-05-24 14:00:00,0.8199786526646842,False,none,13,13,13,2,0.15384616,3,2.3076923076923075,4,7,0.0,20260607_190924
2026-05-24 14:00:00,2026-05-24 15:00:00,0.22210603207805413,False,none,64,63,63,12,0.1875,18,2.578125,15,10,0.0,20260607_190924
2026-05-24 15:00:00,2026-05-24 16:00:00,0.4065287814676237,False,none,59,59,59,15,0.2542373,12,2.2542372881355934,9,8,0.0,20260607_190924
2026-05-24 16:00:00,2026-05-24 17:00:00,0.4702047627255337,False,none,61,61,61,10,0.16393442,18,2.3278688524590163,12,10,0.0,20260607_190924
2026-05-24 17:00:00,2026-05-24 18:00:00,0.5124418175560324,False,none,58,56,56,8,0.13793103,20,2.1206896551724137,6,10,1.0,20260607_190924
2026-05-24 18:00:00,2026-05-24 19:00:00,0.22793815539234208,False,none,45,45,45,6,0.13333334,19,2.511111111111111,12,8,1.0,20260607_190924
2026-05-24 19:00:00,2026-05-24 20:00:00,0.2076409416067191,False,none,72,71,71,14,0.19444445,20,2.388888888888889,15,10,1.0,20260607_190924
2026-05-24 20:00:00,2026-05-24 21:00:00,0.5395367343906765,False,none,68,65,65,14,0.20588236,16,2.1323529411764706,9,10,1.0,20260607_190924
2026-05-24 21:00:00,2026-05-24 22:00:00,0.6539811903561179,False,none,63,61,61,11,0.17460318,17,2.3333333333333335,11,9,1.0,20260607_190924
2026-05-24 22:00:00,2026-05-24 23:00:00,0.772044948341087,False,none,21,20,20,3,0.14285715,6,2.0476190476190474,4,9,1.0,20260607_190924
2026-05-24 23:00:00,2026-05-25 00:00:00,0.7987335795488757,False,none,10,10,10,3,0.3,2,2.7,2,6,1.0,20260607_190924
2026-05-25 00:00:00,2026-05-25 01:00:00,0.9046403360598103,False,none,13,13,13,3,0.23076923,5,1.9230769230769231,2,4,1.0,20260607_190924
2026-05-25 01:00:00,2026-05-25 02:00:00,0.6358649595198413,False,none,11,11,11,0,0.0,7,2.727272727272727,3,7,1.0,20260607_190924
2026-05-25 02:00:00,2026-05-25 03:00:00,0.594667775329216,False,none,15,15,15,6,0.4,1,2.066666666666667,3,8,1.0,20260607_190924
2026-05-25 03:00:00,2026-05-25 04:00:00,0.8076820270226974,False,none,9,9,9,1,0.11111111,2,2.0,0,7,1.0,20260607_190924
2026-05-25 04:00:00,2026-05-25 05:00:00,0.7087802065070583,False,none,18,18,18,5,0.2777778,5,2.7222222222222223,6,6,1.0,20260607_190924
2026-05-25 05:00:00,2026-05-25 06:00:00,0.6732556832226597,False,none,15,14,14,5,0.33333334,4,1.8,1,4,1.0,20260607_190924
2026-05-25 06:00:00,2026-05-25 07:00:00,0.9722398523499107,False,none,14,14,14,2,0.14285715,6,2.2857142857142856,2,6,1.0,20260607_190924
2026-05-25 07:00:00,2026-05-25 08:00:00,0.8257550414244241,False,none,9,9,9,2,0.22222222,3,2.6666666666666665,3,5,1.0,20260607_190924
2026-05-25 08:00:00,2026-05-25 09:00:00,0.2267509046894327,False,none,10,10,10,1,0.1,7,3.4,7,5,1.0,20260607_190924
2026-05-25 09:00:00,2026-05-25 10:00:00,0.23407120493119082,False,none,6,6,6,3,0.5,2,2.6666666666666665,2,4,0.0,20260607_190924
2026-05-25 10:00:00,2026-05-25 11:00:00,0.8170071410989621,False,none,13,13,13,3,0.23076923,4,2.3076923076923075,1,8,0.0,20260607_190924
2026-05-25 11:00:00,2026-05-25 12:00:00,0.712228459502956,False,none,13,13,13,2,0.15384616,5,1.7692307692307692,0,7,0.0,20260607_190924
2026-05-25 12:00:00,2026-05-25 13:00:00,0.599959065673286,False,none,14,13,13,5,0.35714287,3,2.642857142857143,3,6,0.0,20260607_190924
2026-05-25 13:00:00,2026-05-25 14:00:00,0.3632893659295604,False,none,14,13,13,7,0.5,4,2.357142857142857,2,8,0.0,20260607_190924
2026-05-25 14:00:00,2026-05-25 15:00:00,0.48027250200963656,False,none,56,54,54,10,0.17857143,14,2.3392857142857144,12,8,0.0,20260607_190924
2026-05-25 15:00:00,2026-05-25 16:00:00,0.08592181950062483,False,none,63,63,63,19,0.3015873,16,2.4761904761904763,13,9,0.0,20260607_190924
2026-05-25 16:00:00,2026-05-25 17:00:00,0.2519388763363968,False,none,59,56,56,13,0.22033899,17,2.457627118644068,15,8,0.0,20260607_190924
2026-05-25 17:00:00,2026-05-25 18:00:00,0.5914621936125066,False,none,59,59,59,9,0.15254237,17,2.1186440677966103,11,10,1.0,20260607_190924
2026-05-25 18:00:00,2026-05-25 19:00:00,0.6026736705673945,False,none,54,53,53,11,0.2037037,18,2.259259259259259,11,10,1.0,20260607_190924
2026-05-25 19:00:00,2026-05-25 20:00:00,0.4114683624121269,False,none,60,59,59,12,0.2,21,2.4166666666666665,12,8,1.0,20260607_190924
2026-05-25 20:00:00,2026-05-25 21:00:00,0.6155213627303922,False,none,54,53,53,10,0.18518518,21,2.314814814814815,8,9,1.0,20260607_190924
2026-05-25 21:00:00,2026-05-25 22:00:00,0.012844646763793044,False,none,77,76,76,18,0.23376623,19,2.142857142857143,8,9,1.0,20260607_190924
2026-05-25 22:00:00,2026-05-25 23:00:00,0.9554571009791093,False,none,14,14,14,3,0.21428572,6,2.142857142857143,1,7,1.0,20260607_190924
2026-05-25 23:00:00,2026-05-26 00:00:00,0.9897662828491653,False,none,15,15,15,2,0.13333334,5,2.3333333333333335,3,6,1.0,20260607_190924
2026-05-26 00:00:00,2026-05-26 01:00:00,0.98853595595605,False,none,12,12,12,2,0.16666667,3,2.1666666666666665,3,7,1.0,20260607_190924
2026-05-26 01:00:00,2026-05-26 02:00:00,0.6924267299654607,False,none,11,11,11,0,0.0,3,2.8181818181818183,4,5,1.0,20260607_190924
2026-05-26 02:00:00,2026-05-26 03:00:00,0.8653466631718925,False,none,8,8,8,1,0.125,2,2.125,1,5,1.0,20260607_190924
2026-05-26 03:00:00,2026-05-26 04:00:00,0.8509970145039636,False,none,11,10,10,2,0.18181819,1,2.1818181818181817,0,6,1.0,20260607_190924
2026-05-26 04:00:00,2026-05-26 05:00:00,0.7917538089323568,False,none,13,13,13,4,0.30769232,5,1.6923076923076923,2,6,1.0,20260607_190924
2026-05-26 05:00:00,2026-05-26 06:00:00,0.9779499504786979,False,none,12,11,11,2,0.16666667,5,2.5,2,6,1.0,20260607_190924
2026-05-26 06:00:00,2026-05-26 07:00:00,0.9581178445576424,False,none,11,11,11,3,0.27272728,2,2.272727272727273,3,5,1.0,20260607_190924
2026-05-26 07:00:00,2026-05-26 08:00:00,0.9047232308001798,False,none,8,8,8,2,0.25,3,2.375,2,5,1.0,20260607_190924
2026-05-26 08:00:00,2026-05-26 09:00:00,0.5873453196272036,False,none,8,8,8,0,0.0,5,2.875,3,5,1.0,20260607_190924
2026-05-26 09:00:00,2026-05-26 10:00:00,0.6280063751848686,False,none,12,12,12,0,0.0,3,2.0,1,5,0.0,20260607_190924
2026-05-26 10:00:00,2026-05-26 11:00:00,0.7918269917361638,False,none,12,12,12,1,0.083333336,4,2.4166666666666665,2,5,0.0,20260607_190924
2026-05-26 11:00:00,2026-05-26 12:00:00,0.7955090042106765,False,none,14,14,14,2,0.14285715,3,2.4285714285714284,4,6,0.0,20260607_190924
2026-05-26 12:00:00,2026-05-26 13:00:00,0.7180576606830862,False,none,10,9,9,1,0.1,4,2.4,2,5,0.0,20260607_190924
2026-05-26 13:00:00,2026-05-26 14:00:00,0.38889647914971137,False,none,14,14,14,3,0.21428572,1,1.4285714285714286,0,6,0.0,20260607_190924
2026-05-26 14:00:00,2026-05-26 15:00:00,0.12166658328868296,False,none,56,56,56,17,0.30357143,21,2.267857142857143,5,8,0.0,20260607_190924
2026-05-26 15:00:00,2026-05-26 16:00:00,0.4861355956876108,False,none,58,57,57,11,0.18965517,13,2.3275862068965516,11,8,0.0,20260607_190924
2026-05-26 16:00:00,2026-05-26 17:00:00,0.588135653503441,False,none,57,54,54,11,0.19298245,16,2.3684210526315788,8,9,0.0,20260607_190924
2026-05-26 17:00:00,2026-05-26 18:00:00,0.5629200606370015,False,none,64,62,62,14,0.21875,12,2.1875,8,10,1.0,20260607_190924
2026-05-26 18:00:00,2026-05-26 19:00:00,0.5667384666471209,False,none,63,63,63,14,0.22222222,20,2.2222222222222223,6,10,1.0,20260607_190924
2026-05-26 19:00:00,2026-05-26 20:00:00,0.6186184880075254,False,none,63,60,60,12,0.1904762,17,2.3492063492063493,7,9,1.0,20260607_190924
2026-05-26 20:00:00,2026-05-26 21:00:00,0.08506885942225817,False,none,77,73,73,16,0.20779221,23,2.142857142857143,12,10,1.0,20260607_190924
2026-05-26 21:00:00,2026-05-26 22:00:00,0.5697820481344662,False,none,58,58,58,8,0.13793103,20,2.310344827586207,10,10,1.0,20260607_190924
2026-05-26 22:00:00,2026-05-26 23:00:00,0.8959309185298818,False,none,9,9,9,2,0.22222222,3,2.3333333333333335,0,5,1.0,20260607_190924
2026-05-26 23:00:00,2026-05-27 00:00:00,0.9270537706083426,False,none,14,14,14,3,0.21428572,5,2.5714285714285716,4,6,1.0,20260607_190924
2026-05-27 00:00:00,2026-05-27 01:00:00,0.6609976084306541,False,none,15,15,15,6,0.4,2,2.0,2,8,1.0,20260607_190924
2026-05-27 01:00:00,2026-05-27 02:00:00,0.8489746268686689,False,none,11,11,11,3,0.27272728,3,2.727272727272727,2,4,1.0,20260607_190924
2026-05-27 02:00:00,2026-05-27 03:00:00,0.8944816739213732,False,none,9,9,9,2,0.22222222,4,2.111111111111111,2,8,1.0,20260607_190924
2026-05-27 03:00:00,2026-05-27 04:00:00,0.7353949061491294,False,none,9,9,9,2,0.22222222,0,2.2222222222222223,0,4,1.0,20260607_190924
2026-05-27 04:00:00,2026-05-27 05:00:00,0.8727018613119386,False,none,10,10,10,1,0.1,5,2.4,3,5,1.0,20260607_190924
2026-05-27 05:00:00,2026-05-27 06:00:00,0.7454718860119716,False,none,16,16,16,4,0.25,3,2.5,6,9,1.0,20260607_190924
2026-05-27 06:00:00,2026-05-27 07:00:00,0.9773582453024439,False,none,14,14,14,3,0.21428572,6,2.2142857142857144,2,7,1.0,20260607_190924
2026-05-27 07:00:00,2026-05-27 08:00:00,0.9605204388923214,False,none,13,13,13,2,0.15384616,5,2.3846153846153846,3,8,1.0,20260607_190924
2026-05-27 08:00:00,2026-05-27 09:00:00,0.9056987891847526,False,none,11,11,11,3,0.27272728,4,2.4545454545454546,3,4,1.0,20260607_190924
2026-05-27 09:00:00,2026-05-27 10:00:00,0.5341856401768461,False,none,15,15,15,3,0.2,4,2.8666666666666667,6,5,0.0,20260607_190924
2026-05-27 10:00:00,2026-05-27 11:00:00,0.8571403217569953,False,none,15,14,14,3,0.2,4,2.1333333333333333,2,6,0.0,20260607_190924
2026-05-27 11:00:00,2026-05-27 12:00:00,0.5228129901021625,False,none,18,18,18,6,0.33333334,3,1.8888888888888888,3,7,0.0,20260607_190924
2026-05-27 12:00:00,2026-05-27 13:00:00,0.7874373516343025,False,none,13,13,13,3,0.23076923,4,2.230769230769231,4,5,0.0,20260607_190924
2026-05-27 13:00:00,2026-05-27 14:00:00,0.6774676132435318,False,none,11,11,11,1,0.09090909,4,1.8181818181818181,0,7,0.0,20260607_190924
2026-05-27 14:00:00,2026-05-27 15:00:00,0.4125490852842868,False,none,55,54,54,8,0.14545454,22,2.2181818181818183,8,10,0.0,20260607_190924
2026-05-27 15:00:00,2026-05-27 16:00:00,0.3195366061467806,False,none,51,51,51,8,0.15686275,8,2.0392156862745097,6,10,0.0,20260607_190924
2026-05-27 16:00:00,2026-05-27 17:00:00,0.16089556968589358,False,none,65,65,65,20,0.30769232,16,2.1076923076923078,9,10,0.0,20260607_190924
2026-05-27 17:00:00,2026-05-27 18:00:00,0.6643396271865596,False,none,57,56,56,11,0.19298245,14,2.210526315789474,5,9,1.0,20260607_190924
2026-05-27 18:00:00,2026-05-27 19:00:00,0.43413823468334534,False,none,42,40,40,9,0.21428572,14,2.3333333333333335,9,10,1.0,20260607_190924
2026-05-27 19:00:00,2026-05-27 20:00:00,0.592956538197198,False,none,61,60,60,15,0.24590164,18,2.2295081967213113,7,9,1.0,20260607_190924
2026-05-27 20:00:00,2026-05-27 21:00:00,0.6258273515925159,False,none,62,60,60,13,0.20967741,19,2.3225806451612905,10,10,1.0,20260607_190924
2026-05-27 21:00:00,2026-05-27 22:00:00,0.646935607793522,False,none,57,55,55,9,0.15789473,19,2.245614035087719,8,10,1.0,20260607_190924
2026-05-27 22:00:00,2026-05-27 23:00:00,0.7793833941771482,False,none,13,13,13,3,0.23076923,1,1.8461538461538463,1,4,1.0,20260607_190924
2026-05-27 23:00:00,2026-05-28 00:00:00,0.8944814958499716,False,none,12,11,11,2,0.16666667,2,1.8333333333333333,0,6,1.0,20260607_190924
2026-05-28 00:00:00,2026-05-28 01:00:00,0.6329716083732617,False,none,11,11,11,4,0.36363637,4,2.8181818181818183,4,5,1.0,20260607_190924
2026-05-28 01:00:00,2026-05-28 02:00:00,0.9643196862822558,False,none,15,15,15,3,0.2,2,2.3333333333333335,2,7,1.0,20260607_190924
2026-05-28 02:00:00,2026-05-28 03:00:00,0.8544960448205239,False,none,14,14,14,3,0.21428572,2,1.7857142857142858,0,6,1.0,20260607_190924
2026-05-28 03:00:00,2026-05-28 04:00:00,0.8960449913706665,False,none,16,16,16,4,0.25,6,2.25,3,5,1.0,20260607_190924
2026-05-28 04:00:00,2026-05-28 05:00:00,0.8936795040576826,False,none,18,17,17,3,0.16666667,5,1.9444444444444444,1,7,1.0,20260607_190924
2026-05-28 05:00:00,2026-05-28 06:00:00,0.6830982891055832,False,none,14,14,14,5,0.35714287,2,2.7142857142857144,4,7,1.0,20260607_190924
2026-05-28 06:00:00,2026-05-28 07:00:00,0.9894579921659441,False,none,12,12,12,2,0.16666667,3,2.25,1,7,1.0,20260607_190924
2026-05-28 07:00:00,2026-05-28 08:00:00,0.6934634543763105,False,none,15,14,14,1,0.06666667,6,2.8,5,7,1.0,20260607_190924
2026-05-28 08:00:00,2026-05-28 09:00:00,0.8967959649587534,False,none,18,17,17,4,0.22222222,7,2.3333333333333335,3,7,1.0,20260607_190924
2026-05-28 09:00:00,2026-05-28 10:00:00,0.531229001816184,False,none,8,8,8,1,0.125,3,2.875,4,6,0.0,20260607_190924
2026-05-28 10:00:00,2026-05-28 11:00:00,0.8134333037727273,False,none,11,11,11,2,0.18181819,3,2.090909090909091,1,5,0.0,20260607_190924
2026-05-28 11:00:00,2026-05-28 12:00:00,0.5742508716871983,False,none,16,16,16,5,0.3125,4,1.875,3,7,0.0,20260607_190924
2026-05-28 12:00:00,2026-05-28 13:00:00,0.6950744571448788,False,none,15,15,15,1,0.06666667,7,2.066666666666667,3,7,0.0,20260607_190924
2026-05-28 13:00:00,2026-05-28 14:00:00,0.7350456799834326,False,none,12,12,12,4,0.33333334,3,2.3333333333333335,2,5,0.0,20260607_190924
2026-05-28 14:00:00,2026-05-28 15:00:00,0.49191620180122153,False,none,49,48,48,11,0.2244898,13,2.326530612244898,7,9,0.0,20260607_190924
2026-05-28 15:00:00,2026-05-28 16:00:00,0.5301550257841094,False,none,59,55,55,10,0.16949153,18,2.2542372881355934,7,10,0.0,20260607_190924
2026-05-28 16:00:00,2026-05-28 17:00:00,0.47372489869557954,False,none,61,60,60,14,0.22950819,17,2.1639344262295084,9,9,0.0,20260607_190924
2026-05-28 17:00:00,2026-05-28 18:00:00,-0.26349960527229144,False,none,73,73,73,8,0.10958904,32,2.3972602739726026,21,10,1.0,20260607_190924
2026-05-28 18:00:00,2026-05-28 19:00:00,0.40611058118071863,False,none,67,63,63,10,0.14925373,26,2.2388059701492535,10,9,1.0,20260607_190924
2026-05-28 19:00:00,2026-05-28 20:00:00,0.19055578009950946,False,none,68,66,66,12,0.1764706,26,2.2941176470588234,16,9,1.0,20260607_190924
2026-05-28 20:00:00,2026-05-28 21:00:00,0.33758152639469907,False,none,48,48,48,11,0.22916667,19,2.5625,12,9,1.0,20260607_190924
2026-05-28 21:00:00,2026-05-28 22:00:00,0.43437829706991105,False,none,52,51,51,9,0.17307693,20,2.3653846153846154,9,8,1.0,20260607_190924
2026-05-28 22:00:00,2026-05-28 23:00:00,0.8277937939261018,False,none,7,7,7,1,0.14285715,2,2.4285714285714284,2,4,1.0,20260607_190924
2026-05-28 23:00:00,2026-05-29 00:00:00,0.9687610448510959,False,none,15,15,15,3,0.2,5,2.533333333333333,3,7,1.0,20260607_190924
2026-05-29 00:00:00,2026-05-29 01:00:00,0.8625143555784938,False,none,13,13,13,1,0.07692308,3,2.230769230769231,2,9,1.0,20260607_190924
2026-05-29 01:00:00,2026-05-29 02:00:00,0.8142053119460471,False,none,19,19,19,4,0.21052632,7,2.0,2,8,1.0,20260607_190924
2026-05-29 02:00:00,2026-05-29 03:00:00,0.6786406065683781,False,none,14,14,14,5,0.35714287,6,2.5714285714285716,5,5,1.0,20260607_190924
2026-05-29 03:00:00,2026-05-29 04:00:00,0.8399203146803846,False,none,16,16,16,2,0.125,4,2.375,5,8,1.0,20260607_190924
2026-05-29 04:00:00,2026-05-29 05:00:00,0.9516611558454109,False,none,12,12,12,3,0.25,2,2.1666666666666665,0,6,1.0,20260607_190924
2026-05-29 05:00:00,2026-05-29 06:00:00,0.9842966354785645,False,none,13,13,13,2,0.15384616,4,2.4615384615384617,3,7,1.0,20260607_190924
2026-05-29 06:00:00,2026-05-29 07:00:00,0.8923820915366285,False,none,16,16,16,5,0.3125,4,2.4375,2,8,1.0,20260607_190924
2026-05-29 07:00:00,2026-05-29 08:00:00,0.6875566028632205,False,none,18,18,18,1,0.055555556,6,2.5555555555555554,5,9,1.0,20260607_190924
2026-05-29 08:00:00,2026-05-29 09:00:00,0.8049213075205544,False,none,11,11,11,1,0.09090909,5,2.6363636363636362,4,5,1.0,20260607_190924
2026-05-29 09:00:00,2026-05-29 10:00:00,0.7521712699252538,False,none,10,10,10,2,0.2,4,2.2,1,4,0.0,20260607_190924
2026-05-29 10:00:00,2026-05-29 11:00:00,0.5485275552652136,False,none,22,20,20,6,0.27272728,5,1.9545454545454546,2,8,0.0,20260607_190924
2026-05-29 11:00:00,2026-05-29 12:00:00,0.6158432310715298,False,none,14,13,13,0,0.0,4,2.5,3,5,0.0,20260607_190924
2026-05-29 12:00:00,2026-05-29 13:00:00,0.6817220174180931,False,none,8,8,8,2,0.25,4,2.25,0,4,0.0,20260607_190924
2026-05-29 13:00:00,2026-05-29 14:00:00,0.8095747508322495,False,none,13,13,13,2,0.15384616,3,2.3076923076923075,3,5,0.0,20260607_190924
2026-05-29 14:00:00,2026-05-29 15:00:00,0.34132494809316105,False,none,61,60,59,5,0.08196721,18,2.2295081967213113,12,9,0.0,20260607_190924
2026-05-29 15:00:00,2026-05-29 16:00:00,0.09913740097598445,False,none,59,58,58,9,0.15254237,23,2.559322033898305,14,7,0.0,20260607_190924
2026-05-29 16:00:00,2026-05-29 17:00:00,0.46972604114645855,False,none,58,57,57,14,0.2413793,11,2.2413793103448274,7,10,0.0,20260607_190924
2026-05-29 17:00:00,2026-05-29 18:00:00,0.1761274455041919,False,none,66,64,64,11,0.16666667,27,2.515151515151515,14,10,1.0,20260607_190924
2026-05-29 18:00:00,2026-05-29 19:00:00,0.5310089540845806,False,none,61,58,58,16,0.26229507,19,2.262295081967213,9,9,1.0,20260607_190924
2026-05-29 19:00:00,2026-05-29 20:00:00,0.46709466408000444,False,none,64,63,63,6,0.09375,21,2.296875,9,9,1.0,20260607_190924
2026-05-29 20:00:00,2026-05-29 21:00:00,0.6671344161446038,False,none,59,58,58,11,0.18644068,19,2.1864406779661016,9,9,1.0,20260607_190924
2026-05-29 21:00:00,2026-05-29 22:00:00,0.6010948834500494,False,none,61,59,59,10,0.16393442,20,2.262295081967213,12,10,1.0,20260607_190924
2026-05-29 22:00:00,2026-05-29 23:00:00,-0.9384066284046045,True,total_event_count,59,10,59,53,0.89830506,1,3.2033898305084745,24,49,1.0,20260607_190924
2026-05-29 23:00:00,2026-05-30 00:00:00,0.9454379860109863,False,none,11,11,11,3,0.27272728,4,2.1818181818181817,2,4,1.0,20260607_190924
2026-05-30 00:00:00,2026-05-30 01:00:00,0.8218277901783717,False,none,9,9,9,3,0.33333334,2,2.0,2,5,1.0,20260607_190924
2026-05-30 01:00:00,2026-05-30 02:00:00,0.8518511514587883,False,none,10,10,10,2,0.2,3,2.7,3,4,1.0,20260607_190924
2026-05-30 02:00:00,2026-05-30 03:00:00,0.7070306595913678,False,none,6,6,6,0,0.0,3,2.1666666666666665,0,6,1.0,20260607_190924
2026-05-30 03:00:00,2026-05-30 04:00:00,0.8371715072430355,False,none,18,17,17,5,0.2777778,4,2.0,1,8,1.0,20260607_190924
2026-05-30 04:00:00,2026-05-30 05:00:00,0.8842195474475751,False,none,10,10,10,2,0.2,1,2.3,1,6,1.0,20260607_190924
2026-05-30 05:00:00,2026-05-30 06:00:00,0.9033534410418564,False,none,10,9,9,2,0.2,3,1.9,1,5,1.0,20260607_190924
2026-05-30 06:00:00,2026-05-30 07:00:00,0.8260890791133397,False,none,10,10,10,3,0.3,1,2.4,1,5,1.0,20260607_190924
2026-05-30 07:00:00,2026-05-30 08:00:00,0.7800810788746881,False,none,20,19,19,2,0.1,7,1.95,2,8,1.0,20260607_190924
2026-05-30 08:00:00,2026-05-30 09:00:00,0.9315663566858718,False,none,17,17,17,3,0.1764706,3,2.176470588235294,1,7,1.0,20260607_190924
2026-05-30 09:00:00,2026-05-30 10:00:00,0.5818139066581831,False,none,9,9,9,0,0.0,3,2.5555555555555554,3,6,0.0,20260607_190924
2026-05-30 10:00:00,2026-05-30 11:00:00,0.6277936184796773,False,none,8,8,8,1,0.125,4,2.5,3,4,0.0,20260607_190924
2026-05-30 11:00:00,2026-05-30 12:00:00,0.5123171144183543,False,none,6,6,6,1,0.16666667,2,2.8333333333333335,2,4,0.0,20260607_190924
2026-05-30 12:00:00,2026-05-30 13:00:00,0.7018485412211493,False,none,18,17,17,2,0.11111111,7,2.4444444444444446,3,8,0.0,20260607_190924
2026-05-30 13:00:00,2026-05-30 14:00:00,0.7714297836259858,False,none,18,17,17,3,0.16666667,5,2.1666666666666665,4,7,0.0,20260607_190924
2026-05-30 14:00:00,2026-05-30 15:00:00,0.2878633089791509,False,none,71,68,68,11,0.15492958,17,2.323943661971831,11,10,0.0,20260607_190924
2026-05-30 15:00:00,2026-05-30 16:00:00,0.4944269933427399,False,none,55,54,54,13,0.23636363,18,2.381818181818182,10,9,0.0,20260607_190924
2026-05-30 16:00:00,2026-05-30 17:00:00,0.3968371195014575,False,none,60,59,59,16,0.26666668,19,2.283333333333333,11,9,0.0,20260607_190924
2026-05-30 17:00:00,2026-05-30 18:00:00,0.5987562464848577,False,none,64,63,63,10,0.15625,19,2.328125,12,9,1.0,20260607_190924
2026-05-30 18:00:00,2026-05-30 19:00:00,0.22505890348785607,False,none,69,67,67,19,0.2753623,23,2.217391304347826,12,9,1.0,20260607_190924
2026-05-30 19:00:00,2026-05-30 20:00:00,0.18131290646738263,False,none,68,67,67,20,0.29411766,20,2.1176470588235294,9,9,1.0,20260607_190924
2026-05-30 20:00:00,2026-05-30 21:00:00,0.3222019805944243,False,none,72,67,67,7,0.097222224,18,2.0694444444444446,7,10,1.0,20260607_190924
2026-05-30 21:00:00,2026-05-30 22:00:00,0.05626898855052809,False,none,73,72,72,17,0.23287672,22,2.136986301369863,4,10,1.0,20260607_190924
2026-05-30 22:00:00,2026-05-30 23:00:00,0.8760459064023618,False,none,10,10,10,3,0.3,3,2.4,2,4,1.0,20260607_190924
2026-05-30 23:00:00,2026-05-31 00:00:00,0.6650049247647305,False,none,15,15,15,5,0.33333334,1,1.8,1,7,1.0,20260607_190924
2026-05-31 00:00:00,2026-05-31 01:00:00,0.8262016698836467,False,none,14,14,14,1,0.071428575,1,2.2142857142857144,1,6,1.0,20260607_190924
2026-05-31 01:00:00,2026-05-31 02:00:00,0.7129774628412135,False,none,17,16,16,6,0.3529412,5,2.3529411764705883,2,4,1.0,20260607_190924
2026-05-31 02:00:00,2026-05-31 03:00:00,0.9310709388048202,False,none,16,16,16,2,0.125,3,2.3125,2,7,1.0,20260607_190924
2026-05-31 03:00:00,2026-05-31 04:00:00,0.9981034680386773,False,none,11,11,11,2,0.18181819,3,2.1818181818181817,1,6,1.0,20260607_190924
2026-05-31 04:00:00,2026-05-31 05:00:00,0.9650613613383896,False,none,12,12,12,2,0.16666667,5,2.1666666666666665,3,5,1.0,20260607_190924
2026-05-31 05:00:00,2026-05-31 06:00:00,0.915802698302709,False,none,16,16,16,4,0.25,7,2.1875,3,7,1.0,20260607_190924
2026-05-31 06:00:00,2026-05-31 07:00:00,0.7217630237770052,False,none,19,18,18,2,0.10526316,7,2.473684210526316,3,4,1.0,20260607_190924
2026-05-31 07:00:00,2026-05-31 08:00:00,0.8823072548918534,False,none,18,18,18,5,0.2777778,4,2.2222222222222223,2,6,1.0,20260607_190924
2026-05-31 08:00:00,2026-05-31 09:00:00,0.9336488353778003,False,none,16,16,16,3,0.1875,3,2.25,4,8,1.0,20260607_190924
2026-05-31 09:00:00,2026-05-31 10:00:00,0.8384249207529313,False,none,16,15,15,3,0.1875,4,2.1875,2,6,0.0,20260607_190924
2026-05-31 10:00:00,2026-05-31 11:00:00,0.6510897043364767,False,none,18,17,17,3,0.16666667,7,2.5555555555555554,6,6,0.0,20260607_190924
2026-05-31 11:00:00,2026-05-31 12:00:00,0.7309531229040356,False,none,8,8,8,2,0.25,3,2.125,2,4,0.0,20260607_190924
2026-05-31 12:00:00,2026-05-31 13:00:00,0.7789657502452418,False,none,17,16,16,3,0.1764706,4,2.176470588235294,1,7,0.0,20260607_190924
2026-05-31 13:00:00,2026-05-31 14:00:00,0.5331136703828616,False,none,10,10,10,2,0.2,4,2.9,5,7,0.0,20260607_190924
2026-05-31 14:00:00,2026-05-31 15:00:00,0.40400301363430025,False,none,45,43,43,10,0.22222222,14,2.1333333333333333,7,9,0.0,20260607_190924
2026-05-31 15:00:00,2026-05-31 16:00:00,0.06514832611322308,False,none,73,72,72,16,0.21917808,24,2.3013698630136985,13,10,0.0,20260607_190924
2026-05-31 16:00:00,2026-05-31 17:00:00,0.3327268974413429,False,none,65,61,61,16,0.24615385,19,2.169230769230769,6,10,0.0,20260607_190924
2026-05-31 17:00:00,2026-05-31 18:00:00,0.41974474719293053,False,none,50,49,49,5,0.1,16,2.22,8,10,1.0,20260607_190924
2026-05-31 18:00:00,2026-05-31 19:00:00,0.2986876060259376,False,none,70,68,68,11,0.15714286,24,2.057142857142857,6,10,1.0,20260607_190924
2026-05-31 19:00:00,2026-05-31 20:00:00,0.39051650214988176,False,none,59,58,58,10,0.16949153,20,2.5084745762711864,14,10,1.0,20260607_190924
2026-05-31 20:00:00,2026-05-31 21:00:00,0.6130171485881817,False,none,66,63,62,12,0.18181819,19,2.1818181818181817,7,9,1.0,20260607_190924
2026-05-31 21:00:00,2026-05-31 22:00:00,0.6203026854605365,False,none,57,56,56,12,0.21052632,11,2.1403508771929824,6,9,1.0,20260607_190924
2026-05-31 22:00:00,2026-05-31 23:00:00,0.8200770630932046,False,none,16,16,16,1,0.0625,7,2.5,2,8,1.0,20260607_190924
2026-05-31 23:00:00,2026-06-01 00:00:00,0.9539312631720691,False,none,12,12,12,1,0.083333336,5,2.25,2,6,1.0,20260607_190924
2026-06-01 00:00:00,2026-06-01 01:00:00,0.8257183560373371,False,none,10,10,10,2,0.2,1,2.6,1,5,1.0,20260607_190924
2026-06-01 01:00:00,2026-06-01 02:00:00,0.9836720420399279,False,none,13,13,13,3,0.23076923,5,2.076923076923077,1,6,1.0,20260607_190924
2026-06-01 02:00:00,2026-06-01 03:00:00,0.9127494672179612,False,none,12,12,12,1,0.083333336,4,2.25,1,5,1.0,20260607_190924
2026-06-01 03:00:00,2026-06-01 04:00:00,0.8849782970055922,False,none,11,11,11,1,0.09090909,5,2.5454545454545454,3,4,1.0,20260607_190924
2026-06-01 04:00:00,2026-06-01 05:00:00,0.8766238772842752,False,none,15,15,15,4,0.26666668,6,2.0,1,8,1.0,20260607_190924
2026-06-01 05:00:00,2026-06-01 06:00:00,0.7855287129841952,False,none,13,13,13,2,0.15384616,4,2.923076923076923,4,7,1.0,20260607_190924
2026-06-01 06:00:00,2026-06-01 07:00:00,0.783935435179427,False,none,17,16,16,0,0.0,5,2.4705882352941178,3,7,1.0,20260607_190924
2026-06-01 07:00:00,2026-06-01 08:00:00,0.9493609491079771,False,none,11,11,11,3,0.27272728,2,2.5454545454545454,2,6,1.0,20260607_190924
2026-06-01 08:00:00,2026-06-01 09:00:00,0.8826268457069903,False,none,14,13,13,3,0.21428572,2,1.7857142857142858,1,6,1.0,20260607_190924
2026-06-01 09:00:00,2026-06-01 10:00:00,0.6998195566979857,False,none,12,12,12,4,0.33333334,3,2.0,1,7,0.0,20260607_190924
2026-06-01 10:00:00,2026-06-01 11:00:00,0.8037474044987454,False,none,12,12,12,3,0.25,2,2.25,1,5,0.0,20260607_190924
2026-06-01 11:00:00,2026-06-01 12:00:00,0.8298056547069432,False,none,12,12,12,2,0.16666667,3,2.1666666666666665,0,6,0.0,20260607_190924
2026-06-01 12:00:00,2026-06-01 13:00:00,0.48395763087928767,False,none,25,22,22,3,0.12,10,2.12,3,8,0.0,20260607_190924
2026-06-01 13:00:00,2026-06-01 14:00:00,0.6942536544478799,False,none,10,10,10,2,0.2,1,2.1,1,6,0.0,20260607_190924
2026-06-01 14:00:00,2026-06-01 15:00:00,0.19595237513467612,False,none,55,54,54,17,0.3090909,11,2.036363636363636,5,9,0.0,20260607_190924
2026-06-01 15:00:00,2026-06-01 16:00:00,0.29245535657901445,False,none,45,45,45,8,0.17777778,10,2.0444444444444443,6,7,0.0,20260607_190924
2026-06-01 16:00:00,2026-06-01 17:00:00,0.47804601582824335,False,none,52,51,51,12,0.23076923,12,2.1153846153846154,6,9,0.0,20260607_190924
2026-06-01 17:00:00,2026-06-01 18:00:00,0.2743896635830776,False,none,59,57,57,11,0.18644068,23,2.610169491525424,13,8,1.0,20260607_190924
2026-06-01 18:00:00,2026-06-01 19:00:00,0.12646401383695172,False,none,70,68,68,10,0.14285715,28,2.2714285714285714,10,8,1.0,20260607_190924
2026-06-01 19:00:00,2026-06-01 20:00:00,0.44360755252502626,False,none,42,40,40,6,0.14285715,12,2.5476190476190474,6,9,1.0,20260607_190924
2026-06-01 20:00:00,2026-06-01 21:00:00,0.379775829750147,False,none,67,66,66,18,0.26865673,18,2.1492537313432836,7,10,1.0,20260607_190924
2026-06-01 21:00:00,2026-06-01 22:00:00,0.5835023217296744,False,none,57,56,56,13,0.22807017,11,2.175438596491228,11,10,1.0,20260607_190924
2026-06-01 22:00:00,2026-06-01 23:00:00,0.8777942829917253,False,none,9,9,9,2,0.22222222,1,2.2222222222222223,2,6,1.0,20260607_190924
2026-06-01 23:00:00,2026-06-02 00:00:00,0.7448327517784468,False,none,7,7,7,2,0.2857143,1,1.8571428571428572,1,5,1.0,20260607_190924
2026-06-02 00:00:00,2026-06-02 01:00:00,0.6466625653001679,False,none,11,11,11,5,0.45454547,2,2.3636363636363638,2,6,1.0,20260607_190924
2026-06-02 01:00:00,2026-06-02 02:00:00,0.4915735824557368,False,none,10,10,10,5,0.5,1,2.0,1,5,1.0,20260607_190924
2026-06-02 02:00:00,2026-06-02 03:00:00,0.9415933469364368,False,none,13,13,13,1,0.07692308,5,2.3846153846153846,3,7,1.0,20260607_190924
2026-06-02 03:00:00,2026-06-02 04:00:00,0.7881132024868605,False,none,12,12,12,3,0.25,2,1.6666666666666667,0,6,1.0,20260607_190924
2026-06-02 04:00:00,2026-06-02 05:00:00,-0.9567557050547842,True,failed_login_ratio,60,11,60,51,0.85,4,3.216666666666667,24,45,1.0,20260607_190924
2026-06-02 05:00:00,2026-06-02 06:00:00,0.7446405795247393,False,none,13,13,13,4,0.30769232,4,1.7692307692307692,0,4,1.0,20260607_190924
2026-06-02 06:00:00,2026-06-02 07:00:00,0.8549430019719149,False,none,15,14,14,5,0.33333334,5,2.1333333333333333,2,5,1.0,20260607_190924
2026-06-02 07:00:00,2026-06-02 08:00:00,0.7368316263610704,False,none,14,14,14,0,0.0,6,2.4285714285714284,4,7,1.0,20260607_190924
2026-06-02 08:00:00,2026-06-02 09:00:00,0.8872082992123094,False,none,14,14,14,3,0.21428572,4,2.7142857142857144,3,7,1.0,20260607_190924
2026-06-02 09:00:00,2026-06-02 10:00:00,0.6149203352134889,False,none,11,11,11,0,0.0,3,2.090909090909091,3,5,0.0,20260607_190924
2026-06-02 10:00:00,2026-06-02 11:00:00,0.857005628641655,False,none,12,12,12,3,0.25,3,2.25,1,6,0.0,20260607_190924
2026-06-02 11:00:00,2026-06-02 12:00:00,0.5390899809197525,False,none,8,8,8,1,0.125,2,2.875,2,6,0.0,20260607_190924
2026-06-02 12:00:00,2026-06-02 13:00:00,0.8424016405098151,False,none,13,12,12,3,0.23076923,3,2.230769230769231,1,7,0.0,20260607_190924
2026-06-02 13:00:00,2026-06-02 14:00:00,0.39752456252445767,False,none,7,7,7,1,0.14285715,6,3.0,1,5,0.0,20260607_190924
2026-06-02 14:00:00,2026-06-02 15:00:00,0.13568703539618143,False,none,75,75,75,15,0.2,18,2.2666666666666666,8,10,0.0,20260607_190924
2026-06-02 15:00:00,2026-06-02 16:00:00,0.4663692730408058,False,none,55,54,54,13,0.23636363,10,2.1454545454545455,8,10,0.0,20260607_190924
2026-06-02 16:00:00,2026-06-02 17:00:00,0.020951399423962513,False,none,54,53,53,18,0.33333334,10,1.962962962962963,3,10,0.0,20260607_190924
2026-06-02 17:00:00,2026-06-02 18:00:00,0.4986585194619466,False,none,57,55,55,9,0.15789473,23,2.3684210526315788,12,9,1.0,20260607_190924
2026-06-02 18:00:00,2026-06-02 19:00:00,0.17934849261002528,False,none,64,61,61,14,0.21875,22,2.4375,16,8,1.0,20260607_190924
2026-06-02 19:00:00,2026-06-02 20:00:00,0.6469954360115349,False,none,56,55,55,12,0.21428572,14,2.232142857142857,7,10,1.0,20260607_190924
2026-06-02 20:00:00,2026-06-02 21:00:00,0.1014194851311161,False,none,71,69,69,9,0.12676056,22,2.535211267605634,16,10,1.0,20260607_190924
2026-06-02 21:00:00,2026-06-02 22:00:00,0.637403462509621,False,none,59,58,58,12,0.20338982,16,2.135593220338983,9,9,1.0,20260607_190924
2026-06-02 22:00:00,2026-06-02 23:00:00,0.9340365471103604,False,none,13,13,13,1,0.07692308,4,2.4615384615384617,3,7,1.0,20260607_190924
2026-06-02 23:00:00,2026-06-03 00:00:00,0.5420019474622719,False,none,22,22,22,7,0.3181818,9,2.090909090909091,3,9,1.0,20260607_190924
2026-06-03 00:00:00,2026-06-03 01:00:00,0.5477232749356769,False,none,6,6,6,1,0.16666667,3,3.0,3,4,1.0,20260607_190924
2026-06-03 01:00:00,2026-06-03 02:00:00,0.8644687171416907,False,none,12,12,12,1,0.083333336,6,2.5,2,5,1.0,20260607_190924
2026-06-03 02:00:00,2026-06-03 03:00:00,0.6876831371903844,False,none,9,9,9,2,0.22222222,1,1.6666666666666667,0,7,1.0,20260607_190924
2026-06-03 03:00:00,2026-06-03 04:00:00,0.599285734696221,False,none,18,18,18,7,0.3888889,2,1.9444444444444444,2,7,1.0,20260607_190924
2026-06-03 04:00:00,2026-06-03 05:00:00,0.9632370256933425,False,none,12,12,12,3,0.25,4,2.1666666666666665,0,6,1.0,20260607_190924
2026-06-03 05:00:00,2026-06-03 06:00:00,-0.10016802306487049,False,none,2,2,2,0,0.0,1,3.5,1,2,1.0,20260607_190924
2026-06-03 06:00:00,2026-06-03 07:00:00,0.31649211322693493,False,none,5,5,5,1,0.2,1,1.0,0,5,1.0,20260607_190924
2026-06-03 07:00:00,2026-06-03 08:00:00,0.6975944818545916,False,none,9,9,9,0,0.0,5,2.3333333333333335,0,7,1.0,20260607_190924
2026-06-03 08:00:00,2026-06-03 09:00:00,0.6921249563256662,False,none,6,6,6,0,0.0,2,2.5,2,5,1.0,20260607_190924
2026-06-03 09:00:00,2026-06-03 10:00:00,0.537013498134054,False,none,7,7,7,0,0.0,1,2.142857142857143,1,6,0.0,20260607_190924
2026-06-03 10:00:00,2026-06-03 11:00:00,0.5648162794074709,False,none,6,6,6,1,0.16666667,0,2.1666666666666665,1,3,0.0,20260607_190924
2026-06-03 11:00:00,2026-06-03 12:00:00,0.33504151274004124,False,none,4,4,4,0,0.0,1,2.5,2,3,0.0,20260607_190924
2026-06-03 12:00:00,2026-06-03 13:00:00,0.38001777180959007,False,none,7,7,7,3,0.42857143,1,1.8571428571428572,0,4,0.0,20260607_190924
2026-06-03 13:00:00,2026-06-03 14:00:00,0.5230619607001474,False,none,8,8,8,0,0.0,3,2.5,0,4,0.0,20260607_190924
2026-06-03 14:00:00,2026-06-03 15:00:00,0.4609472212250416,False,none,25,24,24,4,0.16,6,2.4,4,10,0.0,20260607_190924
2026-06-03 15:00:00,2026-06-03 16:00:00,0.4469064283285229,False,none,30,29,29,4,0.13333334,7,2.1,3,9,0.0,20260607_190924
2026-06-03 16:00:00,2026-06-03 17:00:00,0.3299668610436639,False,none,39,37,37,8,0.20512821,10,2.1538461538461537,5,10,0.0,20260607_190924
2026-06-03 17:00:00,2026-06-03 18:00:00,0.32557367526979886,False,none,34,34,34,7,0.20588236,5,1.9411764705882353,3,10,1.0,20260607_190924
2026-06-03 18:00:00,2026-06-03 19:00:00,0.6841573380162775,False,none,27,27,27,5,0.18518518,6,2.2222222222222223,4,9,1.0,20260607_190924
2026-06-03 19:00:00,2026-06-03 20:00:00,0.5862274587217435,False,none,32,31,31,7,0.21875,7,2.21875,3,8,1.0,20260607_190924
2026-06-03 20:00:00,2026-06-03 21:00:00,0.5450718301690345,False,none,30,30,30,6,0.2,11,2.4,7,8,1.0,20260607_190924
2026-06-03 21:00:00,2026-06-03 22:00:00,0.4927358342585946,False,none,34,34,34,6,0.1764706,8,2.0294117647058822,3,9,1.0,20260607_190924
2026-06-03 22:00:00,2026-06-03 23:00:00,0.8717150488827874,False,none,8,8,8,2,0.25,3,2.0,0,4,1.0,20260607_190924
2026-06-03 23:00:00,2026-06-04 00:00:00,0.8362225449896137,False,none,8,8,8,2,0.25,4,2.625,2,5,1.0,20260607_190924
2026-06-04 00:00:00,2026-06-04 01:00:00,0.8040203515279767,False,none,8,8,8,1,0.125,1,2.25,2,4,1.0,20260607_190924
2026-06-04 01:00:00,2026-06-04 02:00:00,0.14527162883784928,False,none,5,3,3,0,0.0,3,3.2,3,2,1.0,20260607_190924
2026-06-04 02:00:00,2026-06-04 03:00:00,0.046527419519726276,False,none,3,3,3,0,0.0,0,1.0,0,2,1.0,20260607_190924
2026-06-04 03:00:00,2026-06-04 04:00:00,0.7322646743013435,False,none,8,8,8,1,0.125,3,2.75,1,4,1.0,20260607_190924
2026-06-04 04:00:00,2026-06-04 05:00:00,0.35389154236168996,False,none,4,4,4,0,0.0,0,2.75,1,4,1.0,20260607_190924
2026-06-04 05:00:00,2026-06-04 06:00:00,0.9780659115521046,False,none,11,11,11,3,0.27272728,5,2.272727272727273,2,6,1.0,20260607_190924
2026-06-04 06:00:00,2026-06-04 07:00:00,-0.09398463379568711,False,none,1,1,1,0,0.0,1,3.0,0,1,1.0,20260607_190924
2026-06-04 07:00:00,2026-06-04 08:00:00,0.7187496954789689,False,none,6,6,6,1,0.16666667,1,1.8333333333333333,0,5,1.0,20260607_190924
2026-06-04 08:00:00,2026-06-04 09:00:00,0.7184736864386614,False,none,6,5,5,1,0.16666667,1,2.0,1,4,1.0,20260607_190924
2026-06-04 09:00:00,2026-06-04 10:00:00,0.4740289600685921,False,none,7,7,7,1,0.14285715,5,3.0,3,4,0.0,20260607_190924
2026-06-04 10:00:00,2026-06-04 11:00:00,0.3811372109984803,False,none,6,6,6,0,0.0,2,1.6666666666666667,0,4,0.0,20260607_190924
2026-06-04 11:00:00,2026-06-04 12:00:00,0.2803807794504405,False,none,4,4,4,1,0.25,0,2.75,1,3,0.0,20260607_190924
2026-06-04 12:00:00,2026-06-04 13:00:00,0.5030293487629669,False,none,4,4,4,1,0.25,1,2.25,1,4,0.0,20260607_190924
2026-06-04 13:00:00,2026-06-04 14:00:00,-0.0704413891783785,False,none,4,4,4,3,0.75,1,2.5,0,2,0.0,20260607_190924
2026-06-04 14:00:00,2026-06-04 15:00:00,0.4263221921133875,False,none,27,25,25,3,0.11111111,7,2.5925925925925926,7,6,0.0,20260607_190924
2026-06-04 15:00:00,2026-06-04 16:00:00,-0.6993547211546303,True,failed_login_ratio,60,28,60,39,0.65,8,3.0166666666666666,26,33,0.0,20260607_190924
2026-06-04 16:00:00,2026-06-04 17:00:00,-0.20774073977837237,False,none,54,38,54,23,0.42592594,13,2.574074074074074,13,23,0.0,20260607_190924
2026-06-04 17:00:00,2026-06-04 18:00:00,0.5598063038788492,False,none,30,30,30,7,0.23333333,9,2.3333333333333335,8,9,1.0,20260607_190924
2026-06-04 18:00:00,2026-06-04 19:00:00,0.4832310259848309,False,none,36,36,36,9,0.25,10,2.2222222222222223,5,9,1.0,20260607_190924
2026-06-04 19:00:00,2026-06-04 20:00:00,0.9320324447530779,False,none,17,17,17,3,0.1764706,5,2.2941176470588234,1,7,1.0,20260607_190924
2026-06-04 20:00:00,2026-06-04 21:00:00,0.6549171068826263,False,none,25,25,25,6,0.24,8,2.4,5,7,1.0,20260607_190924
2026-06-04 21:00:00,2026-06-04 22:00:00,0.7637317707977203,False,none,12,12,12,4,0.33333334,6,2.5833333333333335,2,4,1.0,20260607_190924
2026-06-04 22:00:00,2026-06-04 23:00:00,0.6562575773398827,False,none,6,6,6,0,0.0,1,2.5,0,5,1.0,20260607_190924
2026-06-04 23:00:00,2026-06-05 00:00:00,0.5583060229572601,False,none,4,4,4,0,0.0,1,2.0,0,4,1.0,20260607_190924
2026-06-05 00:00:00,2026-06-05 01:00:00,0.9170837530425764,False,none,11,11,11,1,0.09090909,2,2.0,1,6,1.0,20260607_190924
2026-06-05 01:00:00,2026-06-05 02:00:00,0.7518997459332439,False,none,8,7,7,2,0.25,3,2.75,2,5,1.0,20260607_190924
2026-06-05 02:00:00,2026-06-05 03:00:00,0.7323149173588093,False,none,8,8,8,2,0.25,0,2.5,2,4,1.0,20260607_190924
2026-06-05 03:00:00,2026-06-05 04:00:00,0.7296997507425376,False,none,10,9,9,1,0.1,7,2.6,3,5,1.0,20260607_190924
2026-06-05 04:00:00,2026-06-05 05:00:00,0.850267657048976,False,none,11,11,11,4,0.36363637,3,2.272727272727273,1,5,1.0,20260607_190924
2026-06-05 05:00:00,2026-06-05 06:00:00,0.7195488060848143,False,none,9,9,9,3,0.33333334,2,1.7777777777777777,1,4,1.0,20260607_190924
2026-06-05 06:00:00,2026-06-05 07:00:00,0.7932093666384368,False,none,6,6,6,1,0.16666667,3,2.5,1,6,1.0,20260607_190924
2026-06-05 07:00:00,2026-06-05 08:00:00,0.5154534894557747,False,none,4,4,4,0,0.0,1,2.0,0,3,1.0,20260607_190924
2026-06-05 08:00:00,2026-06-05 09:00:00,0.7499767738547478,False,none,10,10,10,0,0.0,3,2.8,3,6,1.0,20260607_190924
2026-06-05 09:00:00,2026-06-05 10:00:00,0.6177837815068847,False,none,8,7,7,1,0.125,4,2.25,0,4,0.0,20260607_190924
2026-06-05 10:00:00,2026-06-05 11:00:00,0.33147980383506126,False,none,6,6,6,2,0.33333334,3,3.0,3,4,0.0,20260607_190924
2026-06-05 11:00:00,2026-06-05 12:00:00,0.5830442738754209,False,none,8,8,8,2,0.25,0,2.125,0,6,0.0,20260607_190924
2026-06-05 12:00:00,2026-06-05 13:00:00,0.5457086285722417,False,none,6,6,6,1,0.16666667,1,2.6666666666666665,2,6,0.0,20260607_190924
2026-06-05 13:00:00,2026-06-05 14:00:00,0.3805061031901067,False,none,5,5,5,0,0.0,2,2.2,0,3,0.0,20260607_190924
2026-06-05 14:00:00,2026-06-05 15:00:00,0.39431132690364,False,none,30,29,29,3,0.1,10,2.1333333333333333,4,8,0.0,20260607_190924
2026-06-05 15:00:00,2026-06-05 16:00:00,0.37641836931819705,False,none,31,31,31,8,0.2580645,8,2.193548387096774,2,8,0.0,20260607_190924
2026-06-05 16:00:00,2026-06-05 17:00:00,0.36440078497698947,False,none,32,32,32,6,0.1875,8,2.5,5,10,0.0,20260607_190924
2026-06-05 17:00:00,2026-06-05 18:00:00,0.43768311154801065,False,none,33,32,32,5,0.15151516,6,2.484848484848485,5,10,1.0,20260607_190924
2026-06-05 18:00:00,2026-06-05 19:00:00,0.5777160922857476,False,none,29,29,29,6,0.20689656,14,2.3793103448275863,5,8,1.0,20260607_190924
2026-06-05 19:00:00,2026-06-05 20:00:00,0.5274478862024141,False,none,29,28,28,5,0.1724138,10,2.6206896551724137,6,8,1.0,20260607_190924
2026-06-05 20:00:00,2026-06-05 21:00:00,0.39577722854826614,False,none,27,26,26,6,0.22222222,12,2.6296296296296298,8,10,1.0,20260607_190924
2026-06-05 21:00:00,2026-06-05 22:00:00,0.43560449484329733,False,none,31,30,30,4,0.12903225,13,2.4193548387096775,7,7,1.0,20260607_190924
2026-06-05 22:00:00,2026-06-05 23:00:00,0.5854218053735016,False,none,5,5,5,2,0.4,3,2.2,1,4,1.0,20260607_190924
2026-06-05 23:00:00,2026-06-06 00:00:00,-0.309876656983501,False,none,3,3,3,3,1.0,0,1.3333333333333333,0,2,1.0,20260607_190924
2026-06-06 00:00:00,2026-06-06 01:00:00,0.3251334301828215,False,none,5,5,5,1,0.2,1,1.4,0,2,1.0,20260607_190924
2026-06-06 01:00:00,2026-06-06 02:00:00,0.6089872076684728,False,none,13,13,13,3,0.23076923,3,3.0,6,7,1.0,20260607_190924
2026-06-06 02:00:00,2026-06-06 03:00:00,0.7431939096010547,False,none,6,6,6,2,0.33333334,2,2.0,0,4,1.0,20260607_190924
2026-06-06 03:00:00,2026-06-06 04:00:00,-0.21776603123322513,False,none,1,1,1,0,0.0,0,1.0,0,1,1.0,20260607_190924
2026-06-06 04:00:00,2026-06-06 05:00:00,0.5317810123872084,False,none,3,3,3,0,0.0,2,2.3333333333333335,1,3,1.0,20260607_190924
2026-06-06 05:00:00,2026-06-06 06:00:00,0.4957574645724707,False,none,4,4,4,1,0.25,1,2.25,1,2,1.0,20260607_190924
2026-06-06 06:00:00,2026-06-06 07:00:00,0.25382953257482677,False,none,8,8,8,0,0.0,7,3.25,4,6,1.0,20260607_190924
2026-06-06 07:00:00,2026-06-06 08:00:00,0.5706772799717343,False,none,5,5,5,0,0.0,0,2.2,1,4,1.0,20260607_190924
2026-06-06 08:00:00,2026-06-06 09:00:00,0.8055378540562215,False,none,7,7,7,1,0.14285715,2,2.5714285714285716,2,5,1.0,20260607_190924
2026-06-06 09:00:00,2026-06-06 10:00:00,0.6654672484732567,False,none,7,7,7,2,0.2857143,1,2.142857142857143,1,4,0.0,20260607_190924
2026-06-06 10:00:00,2026-06-06 11:00:00,0.3691583143613437,False,none,5,5,5,0,0.0,3,2.8,1,4,0.0,20260607_190924
2026-06-06 11:00:00,2026-06-06 12:00:00,0.5011512777850975,False,none,6,6,6,0,0.0,3,2.1666666666666665,1,3,0.0,20260607_190924
2026-06-06 12:00:00,2026-06-06 13:00:00,0.5990988549397864,False,none,10,9,9,3,0.3,1,2.2,0,5,0.0,20260607_190924
2026-06-06 13:00:00,2026-06-06 14:00:00,0.5818334803728384,False,none,12,12,12,0,0.0,1,2.0833333333333335,2,6,0.0,20260607_190924
2026-06-06 14:00:00,2026-06-06 15:00:00,0.3453252856493274,False,none,32,27,27,2,0.0625,12,2.1875,4,8,0.0,20260607_190924
2026-06-06 15:00:00,2026-06-06 16:00:00,0.4496906999526731,False,none,31,30,30,7,0.22580644,10,2.225806451612903,4,7,0.0,20260607_190924
2026-06-06 16:00:00,2026-06-06 17:00:00,0.5268470910672911,False,none,25,25,25,6,0.24,7,2.36,6,8,0.0,20260607_190924
2026-06-06 17:00:00,2026-06-06 18:00:00,0.710288293893458,False,none,27,27,27,5,0.18518518,7,2.3333333333333335,3,7,1.0,20260607_190924
2026-06-06 18:00:00,2026-06-06 19:00:00,0.5980469756270188,False,none,25,25,25,3,0.12,9,2.4,5,9,1.0,20260607_190924
2026-06-06 19:00:00,2026-06-06 20:00:00,0.4885420912355112,False,none,31,31,31,6,0.19354838,7,2.4193548387096775,6,5,1.0,20260607_190924
2026-06-06 20:00:00,2026-06-06 21:00:00,0.449015014402365,False,none,39,37,37,5,0.12820514,10,2.051282051282051,5,9,1.0,20260607_190924
2026-06-06 21:00:00,2026-06-06 22:00:00,0.6214290244922975,False,none,26,26,26,5,0.1923077,10,2.3846153846153846,3,9,1.0,20260607_190924
2026-06-06 22:00:00,2026-06-06 23:00:00,-0.035195205414543795,False,none,2,2,2,1,0.5,0,2.0,0,1,1.0,20260607_190924
2026-06-06 23:00:00,2026-06-07 00:00:00,0.8570520230277858,False,none,9,9,9,1,0.11111111,2,2.111111111111111,1,6,1.0,20260607_190924
2026-06-07 00:00:00,2026-06-07 01:00:00,0.4804621392106534,False,none,6,6,6,0,0.0,1,1.5,0,3,1.0,20260607_190924
2026-06-07 01:00:00,2026-06-07 02:00:00,0.6279781142467431,False,none,7,7,7,1,0.14285715,3,2.857142857142857,2,3,1.0,20260607_190924
2026-06-07 02:00:00,2026-06-07 03:00:00,0.7882098962731268,False,none,6,6,6,1,0.16666667,2,2.3333333333333335,1,3,1.0,20260607_190924
2026-06-07 03:00:00,2026-06-07 04:00:00,0.9511297550382412,False,none,12,12,12,3,0.25,4,2.0833333333333335,1,5,1.0,20260607_190924
2026-06-07 04:00:00,2026-06-07 05:00:00,0.6253654579192767,False,none,6,5,5,1,0.16666667,3,2.6666666666666665,2,4,1.0,20260607_190924
